solver, activation, hidden1, hidden1, PCA, class, training_accuracy, testing_accuracy,"Solve, activation, h1, h2"
lbfgs, identity,15,1, on, class1,0.909453303,0.911363636,"lbfgs,  identity, 15, 1"
lbfgs, identity,15,1, on, class2,0.704441913,0.759090909,"lbfgs,  identity, 15, 1"
lbfgs, identity,15,1, on, class3,0.458997722,0.459090909,"lbfgs,  identity, 15, 1"
lbfgs, identity,15,1, on, class4,0.259681093,0.261363636,"lbfgs,  identity, 15, 1"
lbfgs, identity,15,1, off, class1,0.91571754,0.881818182,"lbfgs,  identity, 15, 1"
lbfgs, identity,15,1, off, class2,0.735763098,0.713636364,"lbfgs,  identity, 15, 1"
lbfgs, identity,15,1, off, class3,0.47095672,0.490909091,"lbfgs,  identity, 15, 1"
lbfgs, identity,15,1, off, class4,0.248291572,0.238636364,"lbfgs,  identity, 15, 1"
lbfgs, identity,15,15, on, class1,0.910022779,0.911363636,"lbfgs,  identity, 15, 15"
lbfgs, identity,15,15, on, class2,0.719817768,0.711363636,"lbfgs,  identity, 15, 15"
lbfgs, identity,15,15, on, class3,0.502277904,0.515909091,"lbfgs,  identity, 15, 15"
lbfgs, identity,15,15, on, class4,0.409453303,0.397727273,"lbfgs,  identity, 15, 15"
lbfgs, identity,15,15, off, class1,0.904897494,0.920454545,"lbfgs,  identity, 15, 15"
lbfgs, identity,15,15, off, class2,0.715261959,0.743181818,"lbfgs,  identity, 15, 15"
lbfgs, identity,15,15, off, class3,0.51594533,0.470454545,"lbfgs,  identity, 15, 15"
lbfgs, identity,15,15, off, class4,0.414009112,0.35,"lbfgs,  identity, 15, 15"
lbfgs, identity,15,25, on, class1,0.914578588,0.9,"lbfgs,  identity, 15, 25"
lbfgs, identity,15,25, on, class2,0.718109339,0.729545455,"lbfgs,  identity, 15, 25"
lbfgs, identity,15,25, on, class3,0.505125285,0.509090909,"lbfgs,  identity, 15, 25"
lbfgs, identity,15,25, on, class4,0.419134396,0.4,"lbfgs,  identity, 15, 25"
lbfgs, identity,15,25, off, class1,0.906605923,0.911363636,"lbfgs,  identity, 15, 25"
lbfgs, identity,15,25, off, class2,0.726651481,0.727272727,"lbfgs,  identity, 15, 25"
lbfgs, identity,15,25, off, class3,0.516514806,0.490909091,"lbfgs,  identity, 15, 25"
lbfgs, identity,15,25, off, class4,0.412300683,0.363636364,"lbfgs,  identity, 15, 25"
lbfgs, identity,15,30, on, class1,0.912870159,0.897727273,"lbfgs,  identity, 15, 30"
lbfgs, identity,15,30, on, class2,0.7238041,0.734090909,"lbfgs,  identity, 15, 30"
lbfgs, identity,15,30, on, class3,0.516514806,0.495454545,"lbfgs,  identity, 15, 30"
lbfgs, identity,15,30, on, class4,0.424829157,0.347727273,"lbfgs,  identity, 15, 30"
lbfgs, identity,15,30, off, class1,0.914578588,0.895454545,"lbfgs,  identity, 15, 30"
lbfgs, identity,15,30, off, class2,0.714123007,0.722727273,"lbfgs,  identity, 15, 30"
lbfgs, identity,15,30, off, class3,0.507403189,0.540909091,"lbfgs,  identity, 15, 30"
lbfgs, identity,15,30, off, class4,0.420273349,0.377272727,"lbfgs,  identity, 15, 30"
lbfgs, identity,15,40, on, class1,0.917425968,0.881818182,"lbfgs,  identity, 15, 40"
lbfgs, identity,15,40, on, class2,0.719248292,0.734090909,"lbfgs,  identity, 15, 40"
lbfgs, identity,15,40, on, class3,0.509111617,0.490909091,"lbfgs,  identity, 15, 40"
lbfgs, identity,15,40, on, class4,0.424829157,0.361363636,"lbfgs,  identity, 15, 40"
lbfgs, identity,15,40, off, class1,0.907175399,0.925,"lbfgs,  identity, 15, 40"
lbfgs, identity,15,40, off, class2,0.732915718,0.681818182,"lbfgs,  identity, 15, 40"
lbfgs, identity,15,40, off, class3,0.516514806,0.472727273,"lbfgs,  identity, 15, 40"
lbfgs, identity,15,40, off, class4,0.424259681,0.354545455,"lbfgs,  identity, 15, 40"
lbfgs, identity,25,1, on, class1,0.915148064,0.890909091,"lbfgs,  identity, 25, 1"
lbfgs, identity,25,1, on, class2,0.735193622,0.693181818,"lbfgs,  identity, 25, 1"
lbfgs, identity,25,1, on, class3,0.470387244,0.463636364,"lbfgs,  identity, 25, 1"
lbfgs, identity,25,1, on, class4,0.20501139,0.209090909,"lbfgs,  identity, 25, 1"
lbfgs, identity,25,1, off, class1,0.908314351,0.911363636,"lbfgs,  identity, 25, 1"
lbfgs, identity,25,1, off, class2,0.723234624,0.718181818,"lbfgs,  identity, 25, 1"
lbfgs, identity,25,1, off, class3,0.469248292,0.456818182,"lbfgs,  identity, 25, 1"
lbfgs, identity,25,1, off, class4,0.243735763,0.238636364,"lbfgs,  identity, 25, 1"
lbfgs, identity,25,15, on, class1,0.914578588,0.902272727,"lbfgs,  identity, 25, 15"
lbfgs, identity,25,15, on, class2,0.717539863,0.747727273,"lbfgs,  identity, 25, 15"
lbfgs, identity,25,15, on, class3,0.517653759,0.472727273,"lbfgs,  identity, 25, 15"
lbfgs, identity,25,15, on, class4,0.408314351,0.386363636,"lbfgs,  identity, 25, 15"
lbfgs, identity,25,15, off, class1,0.912870159,0.911363636,"lbfgs,  identity, 25, 15"
lbfgs, identity,25,15, off, class2,0.727220957,0.729545455,"lbfgs,  identity, 25, 15"
lbfgs, identity,25,15, off, class3,0.513667426,0.440909091,"lbfgs,  identity, 25, 15"
lbfgs, identity,25,15, off, class4,0.424259681,0.379545455,"lbfgs,  identity, 25, 15"
lbfgs, identity,25,25, on, class1,0.913439636,0.902272727,"lbfgs,  identity, 25, 25"
lbfgs, identity,25,25, on, class2,0.730637813,0.706818182,"lbfgs,  identity, 25, 25"
lbfgs, identity,25,25, on, class3,0.497722096,0.525,"lbfgs,  identity, 25, 25"
lbfgs, identity,25,25, on, class4,0.423120729,0.345454545,"lbfgs,  identity, 25, 25"
lbfgs, identity,25,25, off, class1,0.911731207,0.888636364,"lbfgs,  identity, 25, 25"
lbfgs, identity,25,25, off, class2,0.717539863,0.693181818,"lbfgs,  identity, 25, 25"
lbfgs, identity,25,25, off, class3,0.51594533,0.490909091,"lbfgs,  identity, 25, 25"
lbfgs, identity,25,25, off, class4,0.407744875,0.375,"lbfgs,  identity, 25, 25"
lbfgs, identity,25,30, on, class1,0.908314351,0.913636364,"lbfgs,  identity, 25, 30"
lbfgs, identity,25,30, on, class2,0.732915718,0.702272727,"lbfgs,  identity, 25, 30"
lbfgs, identity,25,30, on, class3,0.507403189,0.497727273,"lbfgs,  identity, 25, 30"
lbfgs, identity,25,30, on, class4,0.423690205,0.340909091,"lbfgs,  identity, 25, 30"
lbfgs, identity,25,30, off, class1,0.906036446,0.913636364,"lbfgs,  identity, 25, 30"
lbfgs, identity,25,30, off, class2,0.718109339,0.725,"lbfgs,  identity, 25, 30"
lbfgs, identity,25,30, off, class3,0.501138952,0.5,"lbfgs,  identity, 25, 30"
lbfgs, identity,25,30, off, class4,0.420842825,0.368181818,"lbfgs,  identity, 25, 30"
lbfgs, identity,25,40, on, class1,0.911731207,0.897727273,"lbfgs,  identity, 25, 40"
lbfgs, identity,25,40, on, class2,0.714692483,0.704545455,"lbfgs,  identity, 25, 40"
lbfgs, identity,25,40, on, class3,0.511389522,0.493181818,"lbfgs,  identity, 25, 40"
lbfgs, identity,25,40, on, class4,0.419703872,0.365909091,"lbfgs,  identity, 25, 40"
lbfgs, identity,25,40, off, class1,0.912300683,0.897727273,"lbfgs,  identity, 25, 40"
lbfgs, identity,25,40, off, class2,0.731776765,0.684090909,"lbfgs,  identity, 25, 40"
lbfgs, identity,25,40, off, class3,0.522779043,0.493181818,"lbfgs,  identity, 25, 40"
lbfgs, identity,25,40, off, class4,0.420273349,0.334090909,"lbfgs,  identity, 25, 40"
lbfgs, identity,30,1, on, class1,0.910592255,0.918181818,"lbfgs,  identity, 30, 1"
lbfgs, identity,30,1, on, class2,0.739749431,0.706818182,"lbfgs,  identity, 30, 1"
lbfgs, identity,30,1, on, class3,0.466970387,0.465909091,"lbfgs,  identity, 30, 1"
lbfgs, identity,30,1, on, class4,0.217539863,0.204545455,"lbfgs,  identity, 30, 1"
lbfgs, identity,30,1, off, class1,0.904897494,0.938636364,"lbfgs,  identity, 30, 1"
lbfgs, identity,30,1, off, class2,0.730068337,0.720454545,"lbfgs,  identity, 30, 1"
lbfgs, identity,30,1, off, class3,0.468109339,0.470454545,"lbfgs,  identity, 30, 1"
lbfgs, identity,30,1, off, class4,0.23405467,0.197727273,"lbfgs,  identity, 30, 1"
lbfgs, identity,30,15, on, class1,0.915148064,0.897727273,"lbfgs,  identity, 30, 15"
lbfgs, identity,30,15, on, class2,0.723234624,0.743181818,"lbfgs,  identity, 30, 15"
lbfgs, identity,30,15, on, class3,0.510250569,0.5,"lbfgs,  identity, 30, 15"
lbfgs, identity,30,15, on, class4,0.414578588,0.363636364,"lbfgs,  identity, 30, 15"
lbfgs, identity,30,15, off, class1,0.914578588,0.890909091,"lbfgs,  identity, 30, 15"
lbfgs, identity,30,15, off, class2,0.717539863,0.711363636,"lbfgs,  identity, 30, 15"
lbfgs, identity,30,15, off, class3,0.519931663,0.488636364,"lbfgs,  identity, 30, 15"
lbfgs, identity,30,15, off, class4,0.409453303,0.4,"lbfgs,  identity, 30, 15"
lbfgs, identity,30,25, on, class1,0.910022779,0.918181818,"lbfgs,  identity, 30, 25"
lbfgs, identity,30,25, on, class2,0.723234624,0.695454545,"lbfgs,  identity, 30, 25"
lbfgs, identity,30,25, on, class3,0.51309795,0.45,"lbfgs,  identity, 30, 25"
lbfgs, identity,30,25, on, class4,0.420842825,0.334090909,"lbfgs,  identity, 30, 25"
lbfgs, identity,30,25, off, class1,0.914009112,0.9,"lbfgs,  identity, 30, 25"
lbfgs, identity,30,25, off, class2,0.730068337,0.679545455,"lbfgs,  identity, 30, 25"
lbfgs, identity,30,25, off, class3,0.51309795,0.488636364,"lbfgs,  identity, 30, 25"
lbfgs, identity,30,25, off, class4,0.420842825,0.347727273,"lbfgs,  identity, 30, 25"
lbfgs, identity,30,30, on, class1,0.911731207,0.909090909,"lbfgs,  identity, 30, 30"
lbfgs, identity,30,30, on, class2,0.72095672,0.702272727,"lbfgs,  identity, 30, 30"
lbfgs, identity,30,30, on, class3,0.513667426,0.475,"lbfgs,  identity, 30, 30"
lbfgs, identity,30,30, on, class4,0.417995444,0.352272727,"lbfgs,  identity, 30, 30"
lbfgs, identity,30,30, off, class1,0.908883827,0.915909091,"lbfgs,  identity, 30, 30"
lbfgs, identity,30,30, off, class2,0.720387244,0.738636364,"lbfgs,  identity, 30, 30"
lbfgs, identity,30,30, off, class3,0.514806378,0.511363636,"lbfgs,  identity, 30, 30"
lbfgs, identity,30,30, off, class4,0.412870159,0.4,"lbfgs,  identity, 30, 30"
lbfgs, identity,30,40, on, class1,0.913439636,0.9,"lbfgs,  identity, 30, 40"
lbfgs, identity,30,40, on, class2,0.733485194,0.688636364,"lbfgs,  identity, 30, 40"
lbfgs, identity,30,40, on, class3,0.505694761,0.5,"lbfgs,  identity, 30, 40"
lbfgs, identity,30,40, on, class4,0.419134396,0.372727273,"lbfgs,  identity, 30, 40"
lbfgs, identity,30,40, off, class1,0.909453303,0.913636364,"lbfgs,  identity, 30, 40"
lbfgs, identity,30,40, off, class2,0.718678815,0.718181818,"lbfgs,  identity, 30, 40"
lbfgs, identity,30,40, off, class3,0.51309795,0.504545455,"lbfgs,  identity, 30, 40"
lbfgs, identity,30,40, off, class4,0.412300683,0.35,"lbfgs,  identity, 30, 40"
lbfgs, identity,40,1, on, class1,0.906605923,0.922727273,"lbfgs,  identity, 40, 1"
lbfgs, identity,40,1, on, class2,0.720387244,0.745454545,"lbfgs,  identity, 40, 1"
lbfgs, identity,40,1, on, class3,0.47095672,0.434090909,"lbfgs,  identity, 40, 1"
lbfgs, identity,40,1, on, class4,0.203872437,0.204545455,"lbfgs,  identity, 40, 1"
lbfgs, identity,40,1, off, class1,0.913439636,0.897727273,"lbfgs,  identity, 40, 1"
lbfgs, identity,40,1, off, class2,0.715261959,0.729545455,"lbfgs,  identity, 40, 1"
lbfgs, identity,40,1, off, class3,0.468678815,0.470454545,"lbfgs,  identity, 40, 1"
lbfgs, identity,40,1, off, class4,0.239179954,0.263636364,"lbfgs,  identity, 40, 1"
lbfgs, identity,40,15, on, class1,0.913439636,0.902272727,"lbfgs,  identity, 40, 15"
lbfgs, identity,40,15, on, class2,0.727220957,0.677272727,"lbfgs,  identity, 40, 15"
lbfgs, identity,40,15, on, class3,0.507972665,0.495454545,"lbfgs,  identity, 40, 15"
lbfgs, identity,40,15, on, class4,0.423120729,0.368181818,"lbfgs,  identity, 40, 15"
lbfgs, identity,40,15, off, class1,0.906605923,0.913636364,"lbfgs,  identity, 40, 15"
lbfgs, identity,40,15, off, class2,0.731207289,0.711363636,"lbfgs,  identity, 40, 15"
lbfgs, identity,40,15, off, class3,0.514806378,0.463636364,"lbfgs,  identity, 40, 15"
lbfgs, identity,40,15, off, class4,0.427107062,0.345454545,"lbfgs,  identity, 40, 15"
lbfgs, identity,40,25, on, class1,0.913439636,0.897727273,"lbfgs,  identity, 40, 25"
lbfgs, identity,40,25, on, class2,0.732346241,0.706818182,"lbfgs,  identity, 40, 25"
lbfgs, identity,40,25, on, class3,0.511389522,0.509090909,"lbfgs,  identity, 40, 25"
lbfgs, identity,40,25, on, class4,0.427676538,0.372727273,"lbfgs,  identity, 40, 25"
lbfgs, identity,40,25, off, class1,0.916287016,0.897727273,"lbfgs,  identity, 40, 25"
lbfgs, identity,40,25, off, class2,0.723234624,0.722727273,"lbfgs,  identity, 40, 25"
lbfgs, identity,40,25, off, class3,0.514806378,0.452272727,"lbfgs,  identity, 40, 25"
lbfgs, identity,40,25, off, class4,0.404897494,0.384090909,"lbfgs,  identity, 40, 25"
lbfgs, identity,40,30, on, class1,0.91571754,0.895454545,"lbfgs,  identity, 40, 30"
lbfgs, identity,40,30, on, class2,0.724373576,0.715909091,"lbfgs,  identity, 40, 30"
lbfgs, identity,40,30, on, class3,0.514806378,0.463636364,"lbfgs,  identity, 40, 30"
lbfgs, identity,40,30, on, class4,0.419134396,0.352272727,"lbfgs,  identity, 40, 30"
lbfgs, identity,40,30, off, class1,0.908883827,0.920454545,"lbfgs,  identity, 40, 30"
lbfgs, identity,40,30, off, class2,0.724943052,0.731818182,"lbfgs,  identity, 40, 30"
lbfgs, identity,40,30, off, class3,0.510820046,0.479545455,"lbfgs,  identity, 40, 30"
lbfgs, identity,40,30, off, class4,0.411161731,0.388636364,"lbfgs,  identity, 40, 30"
lbfgs, identity,40,40, on, class1,0.911731207,0.895454545,"lbfgs,  identity, 40, 40"
lbfgs, identity,40,40, on, class2,0.724943052,0.7,"lbfgs,  identity, 40, 40"
lbfgs, identity,40,40, on, class3,0.510820046,0.490909091,"lbfgs,  identity, 40, 40"
lbfgs, identity,40,40, on, class4,0.41571754,0.343181818,"lbfgs,  identity, 40, 40"
lbfgs, identity,40,40, off, class1,0.916856492,0.886363636,"lbfgs,  identity, 40, 40"
lbfgs, identity,40,40, off, class2,0.726651481,0.702272727,"lbfgs,  identity, 40, 40"
lbfgs, identity,40,40, off, class3,0.503986333,0.506818182,"lbfgs,  identity, 40, 40"
lbfgs, identity,40,40, off, class4,0.434510251,0.363636364,"lbfgs,  identity, 40, 40"
lbfgs, logistic,15,1, on, class1,0.990888383,0.861363636,"lbfgs,  logistic, 15, 1"
lbfgs, logistic,15,1, on, class2,0.888382688,0.718181818,"lbfgs,  logistic, 15, 1"
lbfgs, logistic,15,1, on, class3,0.647494305,0.495454545,"lbfgs,  logistic, 15, 1"
lbfgs, logistic,15,1, on, class4,0.406036446,0.272727273,"lbfgs,  logistic, 15, 1"
lbfgs, logistic,15,1, off, class1,0.987471526,0.847727273,"lbfgs,  logistic, 15, 1"
lbfgs, logistic,15,1, off, class2,0.916856492,0.747727273,"lbfgs,  logistic, 15, 1"
lbfgs, logistic,15,1, off, class3,0.63952164,0.486363636,"lbfgs,  logistic, 15, 1"
lbfgs, logistic,15,1, off, class4,0.429384966,0.229545455,"lbfgs,  logistic, 15, 1"
lbfgs, logistic,15,15, on, class1,1,0.856818182,"lbfgs,  logistic, 15, 15"
lbfgs, logistic,15,15, on, class2,0.998861048,0.775,"lbfgs,  logistic, 15, 15"
lbfgs, logistic,15,15, on, class3,0.884965831,0.543181818,"lbfgs,  logistic, 15, 15"
lbfgs, logistic,15,15, on, class4,0.772209567,0.415909091,"lbfgs,  logistic, 15, 15"
lbfgs, logistic,15,15, off, class1,0.998291572,0.888636364,"lbfgs,  logistic, 15, 15"
lbfgs, logistic,15,15, off, class2,0.998291572,0.761363636,"lbfgs,  logistic, 15, 15"
lbfgs, logistic,15,15, off, class3,0.891230068,0.461363636,"lbfgs,  logistic, 15, 15"
lbfgs, logistic,15,15, off, class4,0.77904328,0.429545455,"lbfgs,  logistic, 15, 15"
lbfgs, logistic,15,25, on, class1,0.997722096,0.884090909,"lbfgs,  logistic, 15, 25"
lbfgs, logistic,15,25, on, class2,1,0.781818182,"lbfgs,  logistic, 15, 25"
lbfgs, logistic,15,25, on, class3,0.961275626,0.534090909,"lbfgs,  logistic, 15, 25"
lbfgs, logistic,15,25, on, class4,0.882118451,0.470454545,"lbfgs,  logistic, 15, 25"
lbfgs, logistic,15,25, off, class1,1,0.863636364,"lbfgs,  logistic, 15, 25"
lbfgs, logistic,15,25, off, class2,0.999430524,0.765909091,"lbfgs,  logistic, 15, 25"
lbfgs, logistic,15,25, off, class3,0.934510251,0.568181818,"lbfgs,  logistic, 15, 25"
lbfgs, logistic,15,25, off, class4,0.898063781,0.443181818,"lbfgs,  logistic, 15, 25"
lbfgs, logistic,15,30, on, class1,1,0.893181818,"lbfgs,  logistic, 15, 30"
lbfgs, logistic,15,30, on, class2,1,0.786363636,"lbfgs,  logistic, 15, 30"
lbfgs, logistic,15,30, on, class3,0.994874715,0.515909091,"lbfgs,  logistic, 15, 30"
lbfgs, logistic,15,30, on, class4,0.923690205,0.425,"lbfgs,  logistic, 15, 30"
lbfgs, logistic,15,30, off, class1,0.993166287,0.868181818,"lbfgs,  logistic, 15, 30"
lbfgs, logistic,15,30, off, class2,1,0.761363636,"lbfgs,  logistic, 15, 30"
lbfgs, logistic,15,30, off, class3,0.979498861,0.534090909,"lbfgs,  logistic, 15, 30"
lbfgs, logistic,15,30, off, class4,0.912300683,0.461363636,"lbfgs,  logistic, 15, 30"
lbfgs, logistic,15,40, on, class1,1,0.872727273,"lbfgs,  logistic, 15, 40"
lbfgs, logistic,15,40, on, class2,0.999430524,0.747727273,"lbfgs,  logistic, 15, 40"
lbfgs, logistic,15,40, on, class3,1,0.495454545,"lbfgs,  logistic, 15, 40"
lbfgs, logistic,15,40, on, class4,0.992596811,0.472727273,"lbfgs,  logistic, 15, 40"
lbfgs, logistic,15,40, off, class1,1,0.875,"lbfgs,  logistic, 15, 40"
lbfgs, logistic,15,40, off, class2,1,0.795454545,"lbfgs,  logistic, 15, 40"
lbfgs, logistic,15,40, off, class3,0.945899772,0.575,"lbfgs,  logistic, 15, 40"
lbfgs, logistic,15,40, off, class4,0.999430524,0.404545455,"lbfgs,  logistic, 15, 40"
lbfgs, logistic,25,1, on, class1,0.916287016,0.879545455,"lbfgs,  logistic, 25, 1"
lbfgs, logistic,25,1, on, class2,0.955580866,0.790909091,"lbfgs,  logistic, 25, 1"
lbfgs, logistic,25,1, on, class3,0.751138952,0.475,"lbfgs,  logistic, 25, 1"
lbfgs, logistic,25,1, on, class4,0.51594533,0.256818182,"lbfgs,  logistic, 25, 1"
lbfgs, logistic,25,1, off, class1,0.987471526,0.865909091,"lbfgs,  logistic, 25, 1"
lbfgs, logistic,25,1, off, class2,0.99715262,0.8,"lbfgs,  logistic, 25, 1"
lbfgs, logistic,25,1, off, class3,0.75,0.488636364,"lbfgs,  logistic, 25, 1"
lbfgs, logistic,25,1, off, class4,0.505125285,0.272727273,"lbfgs,  logistic, 25, 1"
lbfgs, logistic,25,15, on, class1,1,0.875,"lbfgs,  logistic, 25, 15"
lbfgs, logistic,25,15, on, class2,0.999430524,0.804545455,"lbfgs,  logistic, 25, 15"
lbfgs, logistic,25,15, on, class3,0.952733485,0.477272727,"lbfgs,  logistic, 25, 15"
lbfgs, logistic,25,15, on, class4,0.880979499,0.420454545,"lbfgs,  logistic, 25, 15"
lbfgs, logistic,25,15, off, class1,1,0.872727273,"lbfgs,  logistic, 25, 15"
lbfgs, logistic,25,15, off, class2,1,0.765909091,"lbfgs,  logistic, 25, 15"
lbfgs, logistic,25,15, off, class3,0.949316629,0.543181818,"lbfgs,  logistic, 25, 15"
lbfgs, logistic,25,15, off, class4,0.911731207,0.440909091,"lbfgs,  logistic, 25, 15"
lbfgs, logistic,25,25, on, class1,1,0.856818182,"lbfgs,  logistic, 25, 25"
lbfgs, logistic,25,25, on, class2,1,0.734090909,"lbfgs,  logistic, 25, 25"
lbfgs, logistic,25,25, on, class3,0.997722096,0.545454545,"lbfgs,  logistic, 25, 25"
lbfgs, logistic,25,25, on, class4,0.998291572,0.404545455,"lbfgs,  logistic, 25, 25"
lbfgs, logistic,25,25, off, class1,1,0.9,"lbfgs,  logistic, 25, 25"
lbfgs, logistic,25,25, off, class2,1,0.765909091,"lbfgs,  logistic, 25, 25"
lbfgs, logistic,25,25, off, class3,1,0.547727273,"lbfgs,  logistic, 25, 25"
lbfgs, logistic,25,25, off, class4,1,0.429545455,"lbfgs,  logistic, 25, 25"
lbfgs, logistic,25,30, on, class1,1,0.906818182,"lbfgs,  logistic, 25, 30"
lbfgs, logistic,25,30, on, class2,0.998291572,0.747727273,"lbfgs,  logistic, 25, 30"
lbfgs, logistic,25,30, on, class3,0.993735763,0.536363636,"lbfgs,  logistic, 25, 30"
lbfgs, logistic,25,30, on, class4,1,0.470454545,"lbfgs,  logistic, 25, 30"
lbfgs, logistic,25,30, off, class1,1,0.85,"lbfgs,  logistic, 25, 30"
lbfgs, logistic,25,30, off, class2,1,0.763636364,"lbfgs,  logistic, 25, 30"
lbfgs, logistic,25,30, off, class3,1,0.475,"lbfgs,  logistic, 25, 30"
lbfgs, logistic,25,30, off, class4,1,0.420454545,"lbfgs,  logistic, 25, 30"
lbfgs, logistic,25,40, on, class1,1,0.886363636,"lbfgs,  logistic, 25, 40"
lbfgs, logistic,25,40, on, class2,1,0.806818182,"lbfgs,  logistic, 25, 40"
lbfgs, logistic,25,40, on, class3,1,0.545454545,"lbfgs,  logistic, 25, 40"
lbfgs, logistic,25,40, on, class4,1,0.427272727,"lbfgs,  logistic, 25, 40"
lbfgs, logistic,25,40, off, class1,1,0.879545455,"lbfgs,  logistic, 25, 40"
lbfgs, logistic,25,40, off, class2,0.999430524,0.731818182,"lbfgs,  logistic, 25, 40"
lbfgs, logistic,25,40, off, class3,1,0.572727273,"lbfgs,  logistic, 25, 40"
lbfgs, logistic,25,40, off, class4,1,0.456818182,"lbfgs,  logistic, 25, 40"
lbfgs, logistic,30,1, on, class1,0.94476082,0.85,"lbfgs,  logistic, 30, 1"
lbfgs, logistic,30,1, on, class2,0.978359909,0.740909091,"lbfgs,  logistic, 30, 1"
lbfgs, logistic,30,1, on, class3,0.843963554,0.486363636,"lbfgs,  logistic, 30, 1"
lbfgs, logistic,30,1, on, class4,0.556378132,0.215909091,"lbfgs,  logistic, 30, 1"
lbfgs, logistic,30,1, off, class1,0.976082005,0.861363636,"lbfgs,  logistic, 30, 1"
lbfgs, logistic,30,1, off, class2,0.969248292,0.763636364,"lbfgs,  logistic, 30, 1"
lbfgs, logistic,30,1, off, class3,0.846241458,0.477272727,"lbfgs,  logistic, 30, 1"
lbfgs, logistic,30,1, off, class4,0.582574032,0.231818182,"lbfgs,  logistic, 30, 1"
lbfgs, logistic,30,15, on, class1,0.998861048,0.834090909,"lbfgs,  logistic, 30, 15"
lbfgs, logistic,30,15, on, class2,1,0.795454545,"lbfgs,  logistic, 30, 15"
lbfgs, logistic,30,15, on, class3,0.987471526,0.572727273,"lbfgs,  logistic, 30, 15"
lbfgs, logistic,30,15, on, class4,0.965831435,0.418181818,"lbfgs,  logistic, 30, 15"
lbfgs, logistic,30,15, off, class1,0.999430524,0.881818182,"lbfgs,  logistic, 30, 15"
lbfgs, logistic,30,15, off, class2,1,0.765909091,"lbfgs,  logistic, 30, 15"
lbfgs, logistic,30,15, off, class3,0.996013667,0.527272727,"lbfgs,  logistic, 30, 15"
lbfgs, logistic,30,15, off, class4,0.947038724,0.445454545,"lbfgs,  logistic, 30, 15"
lbfgs, logistic,30,25, on, class1,1,0.879545455,"lbfgs,  logistic, 30, 25"
lbfgs, logistic,30,25, on, class2,1,0.795454545,"lbfgs,  logistic, 30, 25"
lbfgs, logistic,30,25, on, class3,1,0.522727273,"lbfgs,  logistic, 30, 25"
lbfgs, logistic,30,25, on, class4,1,0.397727273,"lbfgs,  logistic, 30, 25"
lbfgs, logistic,30,25, off, class1,1,0.893181818,"lbfgs,  logistic, 30, 25"
lbfgs, logistic,30,25, off, class2,1,0.777272727,"lbfgs,  logistic, 30, 25"
lbfgs, logistic,30,25, off, class3,1,0.536363636,"lbfgs,  logistic, 30, 25"
lbfgs, logistic,30,25, off, class4,1,0.463636364,"lbfgs,  logistic, 30, 25"
lbfgs, logistic,30,30, on, class1,1,0.884090909,"lbfgs,  logistic, 30, 30"
lbfgs, logistic,30,30, on, class2,1,0.777272727,"lbfgs,  logistic, 30, 30"
lbfgs, logistic,30,30, on, class3,1,0.572727273,"lbfgs,  logistic, 30, 30"
lbfgs, logistic,30,30, on, class4,1,0.381818182,"lbfgs,  logistic, 30, 30"
lbfgs, logistic,30,30, off, class1,1,0.861363636,"lbfgs,  logistic, 30, 30"
lbfgs, logistic,30,30, off, class2,1,0.743181818,"lbfgs,  logistic, 30, 30"
lbfgs, logistic,30,30, off, class3,1,0.525,"lbfgs,  logistic, 30, 30"
lbfgs, logistic,30,30, off, class4,1,0.393181818,"lbfgs,  logistic, 30, 30"
lbfgs, logistic,30,40, on, class1,1,0.886363636,"lbfgs,  logistic, 30, 40"
lbfgs, logistic,30,40, on, class2,1,0.779545455,"lbfgs,  logistic, 30, 40"
lbfgs, logistic,30,40, on, class3,1,0.586363636,"lbfgs,  logistic, 30, 40"
lbfgs, logistic,30,40, on, class4,1,0.456818182,"lbfgs,  logistic, 30, 40"
lbfgs, logistic,30,40, off, class1,1,0.913636364,"lbfgs,  logistic, 30, 40"
lbfgs, logistic,30,40, off, class2,1,0.781818182,"lbfgs,  logistic, 30, 40"
lbfgs, logistic,30,40, off, class3,1,0.547727273,"lbfgs,  logistic, 30, 40"
lbfgs, logistic,30,40, off, class4,1,0.465909091,"lbfgs,  logistic, 30, 40"
lbfgs, logistic,40,1, on, class1,0.970387244,0.875,"lbfgs,  logistic, 40, 1"
lbfgs, logistic,40,1, on, class2,0.996013667,0.790909091,"lbfgs,  logistic, 40, 1"
lbfgs, logistic,40,1, on, class3,0.912300683,0.45,"lbfgs,  logistic, 40, 1"
lbfgs, logistic,40,1, on, class4,0.656605923,0.25,"lbfgs,  logistic, 40, 1"
lbfgs, logistic,40,1, off, class1,0.991457859,0.902272727,"lbfgs,  logistic, 40, 1"
lbfgs, logistic,40,1, off, class2,0.986332574,0.788636364,"lbfgs,  logistic, 40, 1"
lbfgs, logistic,40,1, off, class3,0.857061503,0.463636364,"lbfgs,  logistic, 40, 1"
lbfgs, logistic,40,1, off, class4,0.626993166,0.270454545,"lbfgs,  logistic, 40, 1"
lbfgs, logistic,40,15, on, class1,0.993735763,0.884090909,"lbfgs,  logistic, 40, 15"
lbfgs, logistic,40,15, on, class2,0.999430524,0.788636364,"lbfgs,  logistic, 40, 15"
lbfgs, logistic,40,15, on, class3,1,0.538636364,"lbfgs,  logistic, 40, 15"
lbfgs, logistic,40,15, on, class4,0.998291572,0.425,"lbfgs,  logistic, 40, 15"
lbfgs, logistic,40,15, off, class1,1,0.895454545,"lbfgs,  logistic, 40, 15"
lbfgs, logistic,40,15, off, class2,0.998291572,0.784090909,"lbfgs,  logistic, 40, 15"
lbfgs, logistic,40,15, off, class3,1,0.534090909,"lbfgs,  logistic, 40, 15"
lbfgs, logistic,40,15, off, class4,0.998291572,0.395454545,"lbfgs,  logistic, 40, 15"
lbfgs, logistic,40,25, on, class1,1,0.856818182,"lbfgs,  logistic, 40, 25"
lbfgs, logistic,40,25, on, class2,1,0.8,"lbfgs,  logistic, 40, 25"
lbfgs, logistic,40,25, on, class3,1,0.556818182,"lbfgs,  logistic, 40, 25"
lbfgs, logistic,40,25, on, class4,1,0.425,"lbfgs,  logistic, 40, 25"
lbfgs, logistic,40,25, off, class1,1,0.897727273,"lbfgs,  logistic, 40, 25"
lbfgs, logistic,40,25, off, class2,1,0.786363636,"lbfgs,  logistic, 40, 25"
lbfgs, logistic,40,25, off, class3,1,0.552272727,"lbfgs,  logistic, 40, 25"
lbfgs, logistic,40,25, off, class4,1,0.415909091,"lbfgs,  logistic, 40, 25"
lbfgs, logistic,40,30, on, class1,1,0.9,"lbfgs,  logistic, 40, 30"
lbfgs, logistic,40,30, on, class2,1,0.797727273,"lbfgs,  logistic, 40, 30"
lbfgs, logistic,40,30, on, class3,1,0.581818182,"lbfgs,  logistic, 40, 30"
lbfgs, logistic,40,30, on, class4,1,0.422727273,"lbfgs,  logistic, 40, 30"
lbfgs, logistic,40,30, off, class1,1,0.895454545,"lbfgs,  logistic, 40, 30"
lbfgs, logistic,40,30, off, class2,1,0.790909091,"lbfgs,  logistic, 40, 30"
lbfgs, logistic,40,30, off, class3,1,0.572727273,"lbfgs,  logistic, 40, 30"
lbfgs, logistic,40,30, off, class4,1,0.475,"lbfgs,  logistic, 40, 30"
lbfgs, logistic,40,40, on, class1,1,0.886363636,"lbfgs,  logistic, 40, 40"
lbfgs, logistic,40,40, on, class2,1,0.811363636,"lbfgs,  logistic, 40, 40"
lbfgs, logistic,40,40, on, class3,1,0.636363636,"lbfgs,  logistic, 40, 40"
lbfgs, logistic,40,40, on, class4,1,0.472727273,"lbfgs,  logistic, 40, 40"
lbfgs, logistic,40,40, off, class1,1,0.893181818,"lbfgs,  logistic, 40, 40"
lbfgs, logistic,40,40, off, class2,1,0.756818182,"lbfgs,  logistic, 40, 40"
lbfgs, logistic,40,40, off, class3,1,0.593181818,"lbfgs,  logistic, 40, 40"
lbfgs, logistic,40,40, off, class4,1,0.440909091,"lbfgs,  logistic, 40, 40"
lbfgs, tanh,15,1, on, class1,0.989179954,0.895454545,"lbfgs,  tanh, 15, 1"
lbfgs, tanh,15,1, on, class2,0.974373576,0.777272727,"lbfgs,  tanh, 15, 1"
lbfgs, tanh,15,1, on, class3,0.646355353,0.486363636,"lbfgs,  tanh, 15, 1"
lbfgs, tanh,15,1, on, class4,0.41856492,0.270454545,"lbfgs,  tanh, 15, 1"
lbfgs, tanh,15,1, off, class1,0.988041002,0.893181818,"lbfgs,  tanh, 15, 1"
lbfgs, tanh,15,1, off, class2,0.933371298,0.770454545,"lbfgs,  tanh, 15, 1"
lbfgs, tanh,15,1, off, class3,0.628132118,0.440909091,"lbfgs,  tanh, 15, 1"
lbfgs, tanh,15,1, off, class4,0.404897494,0.252272727,"lbfgs,  tanh, 15, 1"
lbfgs, tanh,15,15, on, class1,1,0.893181818,"lbfgs,  tanh, 15, 15"
lbfgs, tanh,15,15, on, class2,0.998861048,0.775,"lbfgs,  tanh, 15, 15"
lbfgs, tanh,15,15, on, class3,0.877562642,0.513636364,"lbfgs,  tanh, 15, 15"
lbfgs, tanh,15,15, on, class4,0.775056948,0.434090909,"lbfgs,  tanh, 15, 15"
lbfgs, tanh,15,15, off, class1,1,0.895454545,"lbfgs,  tanh, 15, 15"
lbfgs, tanh,15,15, off, class2,1,0.763636364,"lbfgs,  tanh, 15, 15"
lbfgs, tanh,15,15, off, class3,0.888952164,0.552272727,"lbfgs,  tanh, 15, 15"
lbfgs, tanh,15,15, off, class4,0.804100228,0.452272727,"lbfgs,  tanh, 15, 15"
lbfgs, tanh,15,25, on, class1,1,0.884090909,"lbfgs,  tanh, 15, 25"
lbfgs, tanh,15,25, on, class2,1,0.802272727,"lbfgs,  tanh, 15, 25"
lbfgs, tanh,15,25, on, class3,0.98405467,0.520454545,"lbfgs,  tanh, 15, 25"
lbfgs, tanh,15,25, on, class4,0.888952164,0.422727273,"lbfgs,  tanh, 15, 25"
lbfgs, tanh,15,25, off, class1,1,0.895454545,"lbfgs,  tanh, 15, 25"
lbfgs, tanh,15,25, off, class2,1,0.8,"lbfgs,  tanh, 15, 25"
lbfgs, tanh,15,25, off, class3,0.980637813,0.536363636,"lbfgs,  tanh, 15, 25"
lbfgs, tanh,15,25, off, class4,0.933371298,0.393181818,"lbfgs,  tanh, 15, 25"
lbfgs, tanh,15,30, on, class1,1,0.893181818,"lbfgs,  tanh, 15, 30"
lbfgs, tanh,15,30, on, class2,1,0.765909091,"lbfgs,  tanh, 15, 30"
lbfgs, tanh,15,30, on, class3,0.994874715,0.506818182,"lbfgs,  tanh, 15, 30"
lbfgs, tanh,15,30, on, class4,0.980637813,0.397727273,"lbfgs,  tanh, 15, 30"
lbfgs, tanh,15,30, off, class1,1,0.902272727,"lbfgs,  tanh, 15, 30"
lbfgs, tanh,15,30, off, class2,1,0.765909091,"lbfgs,  tanh, 15, 30"
lbfgs, tanh,15,30, off, class3,1,0.525,"lbfgs,  tanh, 15, 30"
lbfgs, tanh,15,30, off, class4,0.981776765,0.420454545,"lbfgs,  tanh, 15, 30"
lbfgs, tanh,15,40, on, class1,1,0.881818182,"lbfgs,  tanh, 15, 40"
lbfgs, tanh,15,40, on, class2,1,0.745454545,"lbfgs,  tanh, 15, 40"
lbfgs, tanh,15,40, on, class3,1,0.509090909,"lbfgs,  tanh, 15, 40"
lbfgs, tanh,15,40, on, class4,1,0.415909091,"lbfgs,  tanh, 15, 40"
lbfgs, tanh,15,40, off, class1,1,0.893181818,"lbfgs,  tanh, 15, 40"
lbfgs, tanh,15,40, off, class2,1,0.793181818,"lbfgs,  tanh, 15, 40"
lbfgs, tanh,15,40, off, class3,1,0.520454545,"lbfgs,  tanh, 15, 40"
lbfgs, tanh,15,40, off, class4,1,0.420454545,"lbfgs,  tanh, 15, 40"
lbfgs, tanh,25,1, on, class1,0.990318907,0.920454545,"lbfgs,  tanh, 25, 1"
lbfgs, tanh,25,1, on, class2,0.977790433,0.784090909,"lbfgs,  tanh, 25, 1"
lbfgs, tanh,25,1, on, class3,0.75,0.427272727,"lbfgs,  tanh, 25, 1"
lbfgs, tanh,25,1, on, class4,0.463553531,0.218181818,"lbfgs,  tanh, 25, 1"
lbfgs, tanh,25,1, off, class1,0.993166287,0.913636364,"lbfgs,  tanh, 25, 1"
lbfgs, tanh,25,1, off, class2,0.996583144,0.797727273,"lbfgs,  tanh, 25, 1"
lbfgs, tanh,25,1, off, class3,0.735763098,0.468181818,"lbfgs,  tanh, 25, 1"
lbfgs, tanh,25,1, off, class4,0.503986333,0.209090909,"lbfgs,  tanh, 25, 1"
lbfgs, tanh,25,15, on, class1,1,0.897727273,"lbfgs,  tanh, 25, 15"
lbfgs, tanh,25,15, on, class2,1,0.765909091,"lbfgs,  tanh, 25, 15"
lbfgs, tanh,25,15, on, class3,0.994874715,0.486363636,"lbfgs,  tanh, 25, 15"
lbfgs, tanh,25,15, on, class4,0.964692483,0.363636364,"lbfgs,  tanh, 25, 15"
lbfgs, tanh,25,15, off, class1,1,0.920454545,"lbfgs,  tanh, 25, 15"
lbfgs, tanh,25,15, off, class2,1,0.838636364,"lbfgs,  tanh, 25, 15"
lbfgs, tanh,25,15, off, class3,0.975512528,0.547727273,"lbfgs,  tanh, 25, 15"
lbfgs, tanh,25,15, off, class4,0.966970387,0.427272727,"lbfgs,  tanh, 25, 15"
lbfgs, tanh,25,25, on, class1,1,0.906818182,"lbfgs,  tanh, 25, 25"
lbfgs, tanh,25,25, on, class2,1,0.756818182,"lbfgs,  tanh, 25, 25"
lbfgs, tanh,25,25, on, class3,1,0.488636364,"lbfgs,  tanh, 25, 25"
lbfgs, tanh,25,25, on, class4,1,0.413636364,"lbfgs,  tanh, 25, 25"
lbfgs, tanh,25,25, off, class1,1,0.9,"lbfgs,  tanh, 25, 25"
lbfgs, tanh,25,25, off, class2,1,0.797727273,"lbfgs,  tanh, 25, 25"
lbfgs, tanh,25,25, off, class3,1,0.572727273,"lbfgs,  tanh, 25, 25"
lbfgs, tanh,25,25, off, class4,1,0.384090909,"lbfgs,  tanh, 25, 25"
lbfgs, tanh,25,30, on, class1,1,0.886363636,"lbfgs,  tanh, 25, 30"
lbfgs, tanh,25,30, on, class2,1,0.788636364,"lbfgs,  tanh, 25, 30"
lbfgs, tanh,25,30, on, class3,1,0.527272727,"lbfgs,  tanh, 25, 30"
lbfgs, tanh,25,30, on, class4,1,0.436363636,"lbfgs,  tanh, 25, 30"
lbfgs, tanh,25,30, off, class1,1,0.879545455,"lbfgs,  tanh, 25, 30"
lbfgs, tanh,25,30, off, class2,1,0.781818182,"lbfgs,  tanh, 25, 30"
lbfgs, tanh,25,30, off, class3,1,0.559090909,"lbfgs,  tanh, 25, 30"
lbfgs, tanh,25,30, off, class4,1,0.420454545,"lbfgs,  tanh, 25, 30"
lbfgs, tanh,25,40, on, class1,1,0.870454545,"lbfgs,  tanh, 25, 40"
lbfgs, tanh,25,40, on, class2,1,0.788636364,"lbfgs,  tanh, 25, 40"
lbfgs, tanh,25,40, on, class3,1,0.522727273,"lbfgs,  tanh, 25, 40"
lbfgs, tanh,25,40, on, class4,1,0.461363636,"lbfgs,  tanh, 25, 40"
lbfgs, tanh,25,40, off, class1,1,0.911363636,"lbfgs,  tanh, 25, 40"
lbfgs, tanh,25,40, off, class2,1,0.777272727,"lbfgs,  tanh, 25, 40"
lbfgs, tanh,25,40, off, class3,1,0.570454545,"lbfgs,  tanh, 25, 40"
lbfgs, tanh,25,40, off, class4,1,0.409090909,"lbfgs,  tanh, 25, 40"
lbfgs, tanh,30,1, on, class1,0.98405467,0.893181818,"lbfgs,  tanh, 30, 1"
lbfgs, tanh,30,1, on, class2,0.980637813,0.786363636,"lbfgs,  tanh, 30, 1"
lbfgs, tanh,30,1, on, class3,0.83143508,0.481818182,"lbfgs,  tanh, 30, 1"
lbfgs, tanh,30,1, on, class4,0.585421412,0.234090909,"lbfgs,  tanh, 30, 1"
lbfgs, tanh,30,1, off, class1,0.992027335,0.913636364,"lbfgs,  tanh, 30, 1"
lbfgs, tanh,30,1, off, class2,0.982346241,0.813636364,"lbfgs,  tanh, 30, 1"
lbfgs, tanh,30,1, off, class3,0.857630979,0.493181818,"lbfgs,  tanh, 30, 1"
lbfgs, tanh,30,1, off, class4,0.567767654,0.263636364,"lbfgs,  tanh, 30, 1"
lbfgs, tanh,30,15, on, class1,1,0.915909091,"lbfgs,  tanh, 30, 15"
lbfgs, tanh,30,15, on, class2,1,0.784090909,"lbfgs,  tanh, 30, 15"
lbfgs, tanh,30,15, on, class3,1,0.540909091,"lbfgs,  tanh, 30, 15"
lbfgs, tanh,30,15, on, class4,0.989179954,0.397727273,"lbfgs,  tanh, 30, 15"
lbfgs, tanh,30,15, off, class1,1,0.920454545,"lbfgs,  tanh, 30, 15"
lbfgs, tanh,30,15, off, class2,1,0.8,"lbfgs,  tanh, 30, 15"
lbfgs, tanh,30,15, off, class3,1,0.531818182,"lbfgs,  tanh, 30, 15"
lbfgs, tanh,30,15, off, class4,0.98405467,0.402272727,"lbfgs,  tanh, 30, 15"
lbfgs, tanh,30,25, on, class1,1,0.920454545,"lbfgs,  tanh, 30, 25"
lbfgs, tanh,30,25, on, class2,1,0.804545455,"lbfgs,  tanh, 30, 25"
lbfgs, tanh,30,25, on, class3,1,0.55,"lbfgs,  tanh, 30, 25"
lbfgs, tanh,30,25, on, class4,1,0.427272727,"lbfgs,  tanh, 30, 25"
lbfgs, tanh,30,25, off, class1,1,0.879545455,"lbfgs,  tanh, 30, 25"
lbfgs, tanh,30,25, off, class2,1,0.797727273,"lbfgs,  tanh, 30, 25"
lbfgs, tanh,30,25, off, class3,1,0.554545455,"lbfgs,  tanh, 30, 25"
lbfgs, tanh,30,25, off, class4,1,0.397727273,"lbfgs,  tanh, 30, 25"
lbfgs, tanh,30,30, on, class1,1,0.870454545,"lbfgs,  tanh, 30, 30"
lbfgs, tanh,30,30, on, class2,1,0.779545455,"lbfgs,  tanh, 30, 30"
lbfgs, tanh,30,30, on, class3,1,0.563636364,"lbfgs,  tanh, 30, 30"
lbfgs, tanh,30,30, on, class4,1,0.411363636,"lbfgs,  tanh, 30, 30"
lbfgs, tanh,30,30, off, class1,1,0.913636364,"lbfgs,  tanh, 30, 30"
lbfgs, tanh,30,30, off, class2,1,0.8,"lbfgs,  tanh, 30, 30"
lbfgs, tanh,30,30, off, class3,1,0.588636364,"lbfgs,  tanh, 30, 30"
lbfgs, tanh,30,30, off, class4,1,0.431818182,"lbfgs,  tanh, 30, 30"
lbfgs, tanh,30,40, on, class1,1,0.875,"lbfgs,  tanh, 30, 40"
lbfgs, tanh,30,40, on, class2,1,0.804545455,"lbfgs,  tanh, 30, 40"
lbfgs, tanh,30,40, on, class3,1,0.563636364,"lbfgs,  tanh, 30, 40"
lbfgs, tanh,30,40, on, class4,1,0.420454545,"lbfgs,  tanh, 30, 40"
lbfgs, tanh,30,40, off, class1,1,0.915909091,"lbfgs,  tanh, 30, 40"
lbfgs, tanh,30,40, off, class2,1,0.818181818,"lbfgs,  tanh, 30, 40"
lbfgs, tanh,30,40, off, class3,1,0.625,"lbfgs,  tanh, 30, 40"
lbfgs, tanh,30,40, off, class4,1,0.434090909,"lbfgs,  tanh, 30, 40"
lbfgs, tanh,40,1, on, class1,0.994305239,0.893181818,"lbfgs,  tanh, 40, 1"
lbfgs, tanh,40,1, on, class2,0.996013667,0.772727273,"lbfgs,  tanh, 40, 1"
lbfgs, tanh,40,1, on, class3,0.931093394,0.436363636,"lbfgs,  tanh, 40, 1"
lbfgs, tanh,40,1, on, class4,0.690774487,0.256818182,"lbfgs,  tanh, 40, 1"
lbfgs, tanh,40,1, off, class1,0.988610478,0.929545455,"lbfgs,  tanh, 40, 1"
lbfgs, tanh,40,1, off, class2,0.992596811,0.843181818,"lbfgs,  tanh, 40, 1"
lbfgs, tanh,40,1, off, class3,0.919703872,0.477272727,"lbfgs,  tanh, 40, 1"
lbfgs, tanh,40,1, off, class4,0.701594533,0.268181818,"lbfgs,  tanh, 40, 1"
lbfgs, tanh,40,15, on, class1,1,0.904545455,"lbfgs,  tanh, 40, 15"
lbfgs, tanh,40,15, on, class2,1,0.759090909,"lbfgs,  tanh, 40, 15"
lbfgs, tanh,40,15, on, class3,1,0.540909091,"lbfgs,  tanh, 40, 15"
lbfgs, tanh,40,15, on, class4,1,0.445454545,"lbfgs,  tanh, 40, 15"
lbfgs, tanh,40,15, off, class1,1,0.886363636,"lbfgs,  tanh, 40, 15"
lbfgs, tanh,40,15, off, class2,1,0.793181818,"lbfgs,  tanh, 40, 15"
lbfgs, tanh,40,15, off, class3,1,0.527272727,"lbfgs,  tanh, 40, 15"
lbfgs, tanh,40,15, off, class4,0.998861048,0.415909091,"lbfgs,  tanh, 40, 15"
lbfgs, tanh,40,25, on, class1,1,0.863636364,"lbfgs,  tanh, 40, 25"
lbfgs, tanh,40,25, on, class2,1,0.784090909,"lbfgs,  tanh, 40, 25"
lbfgs, tanh,40,25, on, class3,1,0.556818182,"lbfgs,  tanh, 40, 25"
lbfgs, tanh,40,25, on, class4,1,0.472727273,"lbfgs,  tanh, 40, 25"
lbfgs, tanh,40,25, off, class1,1,0.904545455,"lbfgs,  tanh, 40, 25"
lbfgs, tanh,40,25, off, class2,1,0.793181818,"lbfgs,  tanh, 40, 25"
lbfgs, tanh,40,25, off, class3,1,0.568181818,"lbfgs,  tanh, 40, 25"
lbfgs, tanh,40,25, off, class4,1,0.447727273,"lbfgs,  tanh, 40, 25"
lbfgs, tanh,40,30, on, class1,1,0.906818182,"lbfgs,  tanh, 40, 30"
lbfgs, tanh,40,30, on, class2,1,0.788636364,"lbfgs,  tanh, 40, 30"
lbfgs, tanh,40,30, on, class3,1,0.570454545,"lbfgs,  tanh, 40, 30"
lbfgs, tanh,40,30, on, class4,1,0.429545455,"lbfgs,  tanh, 40, 30"
lbfgs, tanh,40,30, off, class1,1,0.909090909,"lbfgs,  tanh, 40, 30"
lbfgs, tanh,40,30, off, class2,1,0.779545455,"lbfgs,  tanh, 40, 30"
lbfgs, tanh,40,30, off, class3,1,0.577272727,"lbfgs,  tanh, 40, 30"
lbfgs, tanh,40,30, off, class4,1,0.456818182,"lbfgs,  tanh, 40, 30"
lbfgs, tanh,40,40, on, class1,1,0.909090909,"lbfgs,  tanh, 40, 40"
lbfgs, tanh,40,40, on, class2,1,0.779545455,"lbfgs,  tanh, 40, 40"
lbfgs, tanh,40,40, on, class3,1,0.570454545,"lbfgs,  tanh, 40, 40"
lbfgs, tanh,40,40, on, class4,1,0.488636364,"lbfgs,  tanh, 40, 40"
lbfgs, tanh,40,40, off, class1,1,0.902272727,"lbfgs,  tanh, 40, 40"
lbfgs, tanh,40,40, off, class2,1,0.811363636,"lbfgs,  tanh, 40, 40"
lbfgs, tanh,40,40, off, class3,1,0.618181818,"lbfgs,  tanh, 40, 40"
lbfgs, tanh,40,40, off, class4,1,0.454545455,"lbfgs,  tanh, 40, 40"
lbfgs, relu,15,1, on, class1,0.968109339,0.888636364,"lbfgs,  relu, 15, 1"
lbfgs, relu,15,1, on, class2,0.548405467,0.529545455,"lbfgs,  relu, 15, 1"
lbfgs, relu,15,1, on, class3,0.450455581,0.465909091,"lbfgs,  relu, 15, 1"
lbfgs, relu,15,1, on, class4,0.277334852,0.188636364,"lbfgs,  relu, 15, 1"
lbfgs, relu,15,1, off, class1,0.906605923,0.918181818,"lbfgs,  relu, 15, 1"
lbfgs, relu,15,1, off, class2,0.922551253,0.763636364,"lbfgs,  relu, 15, 1"
lbfgs, relu,15,1, off, class3,0.449886105,0.468181818,"lbfgs,  relu, 15, 1"
lbfgs, relu,15,1, off, class4,0.287585421,0.195454545,"lbfgs,  relu, 15, 1"
lbfgs, relu,15,15, on, class1,1,0.881818182,"lbfgs,  relu, 15, 15"
lbfgs, relu,15,15, on, class2,0.997722096,0.790909091,"lbfgs,  relu, 15, 15"
lbfgs, relu,15,15, on, class3,0.784738041,0.559090909,"lbfgs,  relu, 15, 15"
lbfgs, relu,15,15, on, class4,0.713553531,0.486363636,"lbfgs,  relu, 15, 15"
lbfgs, relu,15,15, off, class1,1,0.852272727,"lbfgs,  relu, 15, 15"
lbfgs, relu,15,15, off, class2,0.98405467,0.768181818,"lbfgs,  relu, 15, 15"
lbfgs, relu,15,15, off, class3,0.813781321,0.575,"lbfgs,  relu, 15, 15"
lbfgs, relu,15,15, off, class4,0.74715262,0.447727273,"lbfgs,  relu, 15, 15"
lbfgs, relu,15,25, on, class1,1,0.9,"lbfgs,  relu, 15, 25"
lbfgs, relu,15,25, on, class2,1,0.8,"lbfgs,  relu, 15, 25"
lbfgs, relu,15,25, on, class3,0.908883827,0.543181818,"lbfgs,  relu, 15, 25"
lbfgs, relu,15,25, on, class4,0.854214123,0.472727273,"lbfgs,  relu, 15, 25"
lbfgs, relu,15,25, off, class1,1,0.877272727,"lbfgs,  relu, 15, 25"
lbfgs, relu,15,25, off, class2,1,0.795454545,"lbfgs,  relu, 15, 25"
lbfgs, relu,15,25, off, class3,0.890660592,0.572727273,"lbfgs,  relu, 15, 25"
lbfgs, relu,15,25, off, class4,0.821753986,0.465909091,"lbfgs,  relu, 15, 25"
lbfgs, relu,15,30, on, class1,1,0.890909091,"lbfgs,  relu, 15, 30"
lbfgs, relu,15,30, on, class2,1,0.790909091,"lbfgs,  relu, 15, 30"
lbfgs, relu,15,30, on, class3,0.921981777,0.540909091,"lbfgs,  relu, 15, 30"
lbfgs, relu,15,30, on, class4,0.851936219,0.461363636,"lbfgs,  relu, 15, 30"
lbfgs, relu,15,30, off, class1,1,0.9,"lbfgs,  relu, 15, 30"
lbfgs, relu,15,30, off, class2,1,0.754545455,"lbfgs,  relu, 15, 30"
lbfgs, relu,15,30, off, class3,0.94476082,0.572727273,"lbfgs,  relu, 15, 30"
lbfgs, relu,15,30, off, class4,0.87642369,0.490909091,"lbfgs,  relu, 15, 30"
lbfgs, relu,15,40, on, class1,1,0.9,"lbfgs,  relu, 15, 40"
lbfgs, relu,15,40, on, class2,1,0.820454545,"lbfgs,  relu, 15, 40"
lbfgs, relu,15,40, on, class3,0.979498861,0.522727273,"lbfgs,  relu, 15, 40"
lbfgs, relu,15,40, on, class4,0.93166287,0.461363636,"lbfgs,  relu, 15, 40"
lbfgs, relu,15,40, off, class1,1,0.911363636,"lbfgs,  relu, 15, 40"
lbfgs, relu,15,40, off, class2,1,0.793181818,"lbfgs,  relu, 15, 40"
lbfgs, relu,15,40, off, class3,0.976082005,0.554545455,"lbfgs,  relu, 15, 40"
lbfgs, relu,15,40, off, class4,0.937357631,0.452272727,"lbfgs,  relu, 15, 40"
lbfgs, relu,25,1, on, class1,0.912870159,0.893181818,"lbfgs,  relu, 25, 1"
lbfgs, relu,25,1, on, class2,0.924829157,0.786363636,"lbfgs,  relu, 25, 1"
lbfgs, relu,25,1, on, class3,0.45501139,0.447727273,"lbfgs,  relu, 25, 1"
lbfgs, relu,25,1, on, class4,0.416856492,0.277272727,"lbfgs,  relu, 25, 1"
lbfgs, relu,25,1, off, class1,0.999430524,0.911363636,"lbfgs,  relu, 25, 1"
lbfgs, relu,25,1, off, class2,0.916856492,0.763636364,"lbfgs,  relu, 25, 1"
lbfgs, relu,25,1, off, class3,0.605353075,0.488636364,"lbfgs,  relu, 25, 1"
lbfgs, relu,25,1, off, class4,0.303530752,0.227272727,"lbfgs,  relu, 25, 1"
lbfgs, relu,25,15, on, class1,1,0.877272727,"lbfgs,  relu, 25, 15"
lbfgs, relu,25,15, on, class2,1,0.725,"lbfgs,  relu, 25, 15"
lbfgs, relu,25,15, on, class3,0.903189066,0.568181818,"lbfgs,  relu, 25, 15"
lbfgs, relu,25,15, on, class4,0.835990888,0.481818182,"lbfgs,  relu, 25, 15"
lbfgs, relu,25,15, off, class1,1,0.897727273,"lbfgs,  relu, 25, 15"
lbfgs, relu,25,15, off, class2,1,0.775,"lbfgs,  relu, 25, 15"
lbfgs, relu,25,15, off, class3,0.916856492,0.622727273,"lbfgs,  relu, 25, 15"
lbfgs, relu,25,15, off, class4,0.880410023,0.470454545,"lbfgs,  relu, 25, 15"
lbfgs, relu,25,25, on, class1,1,0.897727273,"lbfgs,  relu, 25, 25"
lbfgs, relu,25,25, on, class2,1,0.775,"lbfgs,  relu, 25, 25"
lbfgs, relu,25,25, on, class3,0.990318907,0.593181818,"lbfgs,  relu, 25, 25"
lbfgs, relu,25,25, on, class4,0.932801822,0.454545455,"lbfgs,  relu, 25, 25"
lbfgs, relu,25,25, off, class1,1,0.936363636,"lbfgs,  relu, 25, 25"
lbfgs, relu,25,25, off, class2,1,0.775,"lbfgs,  relu, 25, 25"
lbfgs, relu,25,25, off, class3,1,0.559090909,"lbfgs,  relu, 25, 25"
lbfgs, relu,25,25, off, class4,0.989179954,0.5,"lbfgs,  relu, 25, 25"
lbfgs, relu,25,30, on, class1,1,0.909090909,"lbfgs,  relu, 25, 30"
lbfgs, relu,25,30, on, class2,1,0.802272727,"lbfgs,  relu, 25, 30"
lbfgs, relu,25,30, on, class3,0.999430524,0.577272727,"lbfgs,  relu, 25, 30"
lbfgs, relu,25,30, on, class4,1,0.472727273,"lbfgs,  relu, 25, 30"
lbfgs, relu,25,30, off, class1,1,0.913636364,"lbfgs,  relu, 25, 30"
lbfgs, relu,25,30, off, class2,1,0.793181818,"lbfgs,  relu, 25, 30"
lbfgs, relu,25,30, off, class3,0.993166287,0.547727273,"lbfgs,  relu, 25, 30"
lbfgs, relu,25,30, off, class4,0.990318907,0.479545455,"lbfgs,  relu, 25, 30"
lbfgs, relu,25,40, on, class1,1,0.906818182,"lbfgs,  relu, 25, 40"
lbfgs, relu,25,40, on, class2,1,0.827272727,"lbfgs,  relu, 25, 40"
lbfgs, relu,25,40, on, class3,1,0.606818182,"lbfgs,  relu, 25, 40"
lbfgs, relu,25,40, on, class4,1,0.497727273,"lbfgs,  relu, 25, 40"
lbfgs, relu,25,40, off, class1,1,0.890909091,"lbfgs,  relu, 25, 40"
lbfgs, relu,25,40, off, class2,1,0.736363636,"lbfgs,  relu, 25, 40"
lbfgs, relu,25,40, off, class3,1,0.534090909,"lbfgs,  relu, 25, 40"
lbfgs, relu,25,40, off, class4,1,0.475,"lbfgs,  relu, 25, 40"
lbfgs, relu,30,1, on, class1,0.973234624,0.895454545,"lbfgs,  relu, 30, 1"
lbfgs, relu,30,1, on, class2,0.981776765,0.8,"lbfgs,  relu, 30, 1"
lbfgs, relu,30,1, on, class3,0.646924829,0.490909091,"lbfgs,  relu, 30, 1"
lbfgs, relu,30,1, on, class4,0.332004556,0.272727273,"lbfgs,  relu, 30, 1"
lbfgs, relu,30,1, off, class1,0.908314351,0.911363636,"lbfgs,  relu, 30, 1"
lbfgs, relu,30,1, off, class2,0.977220957,0.795454545,"lbfgs,  relu, 30, 1"
lbfgs, relu,30,1, off, class3,0.666856492,0.509090909,"lbfgs,  relu, 30, 1"
lbfgs, relu,30,1, off, class4,0.375284738,0.197727273,"lbfgs,  relu, 30, 1"
lbfgs, relu,30,15, on, class1,1,0.897727273,"lbfgs,  relu, 30, 15"
lbfgs, relu,30,15, on, class2,1,0.75,"lbfgs,  relu, 30, 15"
lbfgs, relu,30,15, on, class3,0.963553531,0.55,"lbfgs,  relu, 30, 15"
lbfgs, relu,30,15, on, class4,0.88952164,0.463636364,"lbfgs,  relu, 30, 15"
lbfgs, relu,30,15, off, class1,1,0.888636364,"lbfgs,  relu, 30, 15"
lbfgs, relu,30,15, off, class2,1,0.795454545,"lbfgs,  relu, 30, 15"
lbfgs, relu,30,15, off, class3,0.898063781,0.572727273,"lbfgs,  relu, 30, 15"
lbfgs, relu,30,15, off, class4,0.936788155,0.477272727,"lbfgs,  relu, 30, 15"
lbfgs, relu,30,25, on, class1,1,0.895454545,"lbfgs,  relu, 30, 25"
lbfgs, relu,30,25, on, class2,1,0.772727273,"lbfgs,  relu, 30, 25"
lbfgs, relu,30,25, on, class3,1,0.561363636,"lbfgs,  relu, 30, 25"
lbfgs, relu,30,25, on, class4,0.999430524,0.490909091,"lbfgs,  relu, 30, 25"
lbfgs, relu,30,25, off, class1,1,0.902272727,"lbfgs,  relu, 30, 25"
lbfgs, relu,30,25, off, class2,1,0.763636364,"lbfgs,  relu, 30, 25"
lbfgs, relu,30,25, off, class3,1,0.609090909,"lbfgs,  relu, 30, 25"
lbfgs, relu,30,25, off, class4,1,0.475,"lbfgs,  relu, 30, 25"
lbfgs, relu,30,30, on, class1,1,0.902272727,"lbfgs,  relu, 30, 30"
lbfgs, relu,30,30, on, class2,1,0.806818182,"lbfgs,  relu, 30, 30"
lbfgs, relu,30,30, on, class3,1,0.556818182,"lbfgs,  relu, 30, 30"
lbfgs, relu,30,30, on, class4,1,0.515909091,"lbfgs,  relu, 30, 30"
lbfgs, relu,30,30, off, class1,1,0.884090909,"lbfgs,  relu, 30, 30"
lbfgs, relu,30,30, off, class2,1,0.779545455,"lbfgs,  relu, 30, 30"
lbfgs, relu,30,30, off, class3,1,0.536363636,"lbfgs,  relu, 30, 30"
lbfgs, relu,30,30, off, class4,1,0.479545455,"lbfgs,  relu, 30, 30"
lbfgs, relu,30,40, on, class1,1,0.886363636,"lbfgs,  relu, 30, 40"
lbfgs, relu,30,40, on, class2,1,0.754545455,"lbfgs,  relu, 30, 40"
lbfgs, relu,30,40, on, class3,1,0.577272727,"lbfgs,  relu, 30, 40"
lbfgs, relu,30,40, on, class4,1,0.520454545,"lbfgs,  relu, 30, 40"
lbfgs, relu,30,40, off, class1,1,0.897727273,"lbfgs,  relu, 30, 40"
lbfgs, relu,30,40, off, class2,1,0.820454545,"lbfgs,  relu, 30, 40"
lbfgs, relu,30,40, off, class3,1,0.586363636,"lbfgs,  relu, 30, 40"
lbfgs, relu,30,40, off, class4,1,0.472727273,"lbfgs,  relu, 30, 40"
lbfgs, relu,40,1, on, class1,0.906036446,0.920454545,"lbfgs,  relu, 40, 1"
lbfgs, relu,40,1, on, class2,0.996583144,0.806818182,"lbfgs,  relu, 40, 1"
lbfgs, relu,40,1, on, class3,0.5261959,0.425,"lbfgs,  relu, 40, 1"
lbfgs, relu,40,1, on, class4,0.095671982,0.072727273,"lbfgs,  relu, 40, 1"
lbfgs, relu,40,1, off, class1,0.911161731,0.9,"lbfgs,  relu, 40, 1"
lbfgs, relu,40,1, off, class2,0.994874715,0.768181818,"lbfgs,  relu, 40, 1"
lbfgs, relu,40,1, off, class3,0.664009112,0.513636364,"lbfgs,  relu, 40, 1"
lbfgs, relu,40,1, off, class4,0.424259681,0.204545455,"lbfgs,  relu, 40, 1"
lbfgs, relu,40,15, on, class1,1,0.909090909,"lbfgs,  relu, 40, 15"
lbfgs, relu,40,15, on, class2,1,0.831818182,"lbfgs,  relu, 40, 15"
lbfgs, relu,40,15, on, class3,0.999430524,0.588636364,"lbfgs,  relu, 40, 15"
lbfgs, relu,40,15, on, class4,0.967539863,0.490909091,"lbfgs,  relu, 40, 15"
lbfgs, relu,40,15, off, class1,1,0.911363636,"lbfgs,  relu, 40, 15"
lbfgs, relu,40,15, off, class2,0.999430524,0.820454545,"lbfgs,  relu, 40, 15"
lbfgs, relu,40,15, off, class3,1,0.543181818,"lbfgs,  relu, 40, 15"
lbfgs, relu,40,15, off, class4,0.985193622,0.477272727,"lbfgs,  relu, 40, 15"
lbfgs, relu,40,25, on, class1,1,0.902272727,"lbfgs,  relu, 40, 25"
lbfgs, relu,40,25, on, class2,1,0.797727273,"lbfgs,  relu, 40, 25"
lbfgs, relu,40,25, on, class3,1,0.579545455,"lbfgs,  relu, 40, 25"
lbfgs, relu,40,25, on, class4,1,0.443181818,"lbfgs,  relu, 40, 25"
lbfgs, relu,40,25, off, class1,1,0.902272727,"lbfgs,  relu, 40, 25"
lbfgs, relu,40,25, off, class2,1,0.786363636,"lbfgs,  relu, 40, 25"
lbfgs, relu,40,25, off, class3,1,0.579545455,"lbfgs,  relu, 40, 25"
lbfgs, relu,40,25, off, class4,1,0.506818182,"lbfgs,  relu, 40, 25"
lbfgs, relu,40,30, on, class1,1,0.888636364,"lbfgs,  relu, 40, 30"
lbfgs, relu,40,30, on, class2,1,0.781818182,"lbfgs,  relu, 40, 30"
lbfgs, relu,40,30, on, class3,1,0.588636364,"lbfgs,  relu, 40, 30"
lbfgs, relu,40,30, on, class4,1,0.493181818,"lbfgs,  relu, 40, 30"
lbfgs, relu,40,30, off, class1,1,0.913636364,"lbfgs,  relu, 40, 30"
lbfgs, relu,40,30, off, class2,1,0.8,"lbfgs,  relu, 40, 30"
lbfgs, relu,40,30, off, class3,1,0.563636364,"lbfgs,  relu, 40, 30"
lbfgs, relu,40,30, off, class4,1,0.497727273,"lbfgs,  relu, 40, 30"
lbfgs, relu,40,40, on, class1,1,0.886363636,"lbfgs,  relu, 40, 40"
lbfgs, relu,40,40, on, class2,1,0.790909091,"lbfgs,  relu, 40, 40"
lbfgs, relu,40,40, on, class3,1,0.615909091,"lbfgs,  relu, 40, 40"
lbfgs, relu,40,40, on, class4,1,0.484090909,"lbfgs,  relu, 40, 40"
lbfgs, relu,40,40, off, class1,1,0.9,"lbfgs,  relu, 40, 40"
lbfgs, relu,40,40, off, class2,1,0.779545455,"lbfgs,  relu, 40, 40"
lbfgs, relu,40,40, off, class3,1,0.597727273,"lbfgs,  relu, 40, 40"
lbfgs, relu,40,40, off, class4,1,0.475,"lbfgs,  relu, 40, 40"
sgd, identity,15,1, on, class1,0.907744875,0.909090909,"sgd,  identity, 15, 1"
sgd, identity,15,1, on, class2,0.70501139,0.702272727,"sgd,  identity, 15, 1"
sgd, identity,15,1, on, class3,0.48690205,0.440909091,"sgd,  identity, 15, 1"
sgd, identity,15,1, on, class4,0.228929385,0.179545455,"sgd,  identity, 15, 1"
sgd, identity,15,1, off, class1,0.912870159,0.890909091,"sgd,  identity, 15, 1"
sgd, identity,15,1, off, class2,0.706719818,0.693181818,"sgd,  identity, 15, 1"
sgd, identity,15,1, off, class3,0.47095672,0.490909091,"sgd,  identity, 15, 1"
sgd, identity,15,1, off, class4,0.232915718,0.186363636,"sgd,  identity, 15, 1"
sgd, identity,15,15, on, class1,0.904897494,0.922727273,"sgd,  identity, 15, 15"
sgd, identity,15,15, on, class2,0.718109339,0.704545455,"sgd,  identity, 15, 15"
sgd, identity,15,15, on, class3,0.494305239,0.518181818,"sgd,  identity, 15, 15"
sgd, identity,15,15, on, class4,0.38952164,0.331818182,"sgd,  identity, 15, 15"
sgd, identity,15,15, off, class1,0.908314351,0.909090909,"sgd,  identity, 15, 15"
sgd, identity,15,15, off, class2,0.710136674,0.729545455,"sgd,  identity, 15, 15"
sgd, identity,15,15, off, class3,0.498861048,0.5,"sgd,  identity, 15, 15"
sgd, identity,15,15, off, class4,0.365034169,0.331818182,"sgd,  identity, 15, 15"
sgd, identity,15,25, on, class1,0.911161731,0.902272727,"sgd,  identity, 15, 25"
sgd, identity,15,25, on, class2,0.711275626,0.718181818,"sgd,  identity, 15, 25"
sgd, identity,15,25, on, class3,0.492596811,0.493181818,"sgd,  identity, 15, 25"
sgd, identity,15,25, on, class4,0.368451025,0.35,"sgd,  identity, 15, 25"
sgd, identity,15,25, off, class1,0.906605923,0.918181818,"sgd,  identity, 15, 25"
sgd, identity,15,25, off, class2,0.719817768,0.702272727,"sgd,  identity, 15, 25"
sgd, identity,15,25, off, class3,0.518223235,0.447727273,"sgd,  identity, 15, 25"
sgd, identity,15,25, off, class4,0.394077449,0.320454545,"sgd,  identity, 15, 25"
sgd, identity,15,30, on, class1,0.910022779,0.904545455,"sgd,  identity, 15, 30"
sgd, identity,15,30, on, class2,0.722095672,0.711363636,"sgd,  identity, 15, 30"
sgd, identity,15,30, on, class3,0.501138952,0.502272727,"sgd,  identity, 15, 30"
sgd, identity,15,30, on, class4,0.377562642,0.334090909,"sgd,  identity, 15, 30"
sgd, identity,15,30, off, class1,0.906605923,0.918181818,"sgd,  identity, 15, 30"
sgd, identity,15,30, off, class2,0.698747153,0.745454545,"sgd,  identity, 15, 30"
sgd, identity,15,30, off, class3,0.503986333,0.493181818,"sgd,  identity, 15, 30"
sgd, identity,15,30, off, class4,0.387813212,0.334090909,"sgd,  identity, 15, 30"
sgd, identity,15,40, on, class1,0.90546697,0.922727273,"sgd,  identity, 15, 40"
sgd, identity,15,40, on, class2,0.709567198,0.702272727,"sgd,  identity, 15, 40"
sgd, identity,15,40, on, class3,0.509111617,0.472727273,"sgd,  identity, 15, 40"
sgd, identity,15,40, on, class4,0.398063781,0.361363636,"sgd,  identity, 15, 40"
sgd, identity,15,40, off, class1,0.903189066,0.929545455,"sgd,  identity, 15, 40"
sgd, identity,15,40, off, class2,0.70785877,0.697727273,"sgd,  identity, 15, 40"
sgd, identity,15,40, off, class3,0.494874715,0.5,"sgd,  identity, 15, 40"
sgd, identity,15,40, off, class4,0.368451025,0.359090909,"sgd,  identity, 15, 40"
sgd, identity,25,1, on, class1,0.910022779,0.904545455,"sgd,  identity, 25, 1"
sgd, identity,25,1, on, class2,0.6976082,0.695454545,"sgd,  identity, 25, 1"
sgd, identity,25,1, on, class3,0.451594533,0.484090909,"sgd,  identity, 25, 1"
sgd, identity,25,1, on, class4,0.230068337,0.213636364,"sgd,  identity, 25, 1"
sgd, identity,25,1, off, class1,0.904897494,0.922727273,"sgd,  identity, 25, 1"
sgd, identity,25,1, off, class2,0.715261959,0.704545455,"sgd,  identity, 25, 1"
sgd, identity,25,1, off, class3,0.472665148,0.506818182,"sgd,  identity, 25, 1"
sgd, identity,25,1, off, class4,0.174259681,0.193181818,"sgd,  identity, 25, 1"
sgd, identity,25,15, on, class1,0.906605923,0.913636364,"sgd,  identity, 25, 15"
sgd, identity,25,15, on, class2,0.718109339,0.7,"sgd,  identity, 25, 15"
sgd, identity,25,15, on, class3,0.515375854,0.45,"sgd,  identity, 25, 15"
sgd, identity,25,15, on, class4,0.376993166,0.322727273,"sgd,  identity, 25, 15"
sgd, identity,25,15, off, class1,0.90546697,0.920454545,"sgd,  identity, 25, 15"
sgd, identity,25,15, off, class2,0.715261959,0.695454545,"sgd,  identity, 25, 15"
sgd, identity,25,15, off, class3,0.511389522,0.45,"sgd,  identity, 25, 15"
sgd, identity,25,15, off, class4,0.371867882,0.365909091,"sgd,  identity, 25, 15"
sgd, identity,25,25, on, class1,0.912870159,0.893181818,"sgd,  identity, 25, 25"
sgd, identity,25,25, on, class2,0.720387244,0.734090909,"sgd,  identity, 25, 25"
sgd, identity,25,25, on, class3,0.49715262,0.497727273,"sgd,  identity, 25, 25"
sgd, identity,25,25, on, class4,0.384396355,0.359090909,"sgd,  identity, 25, 25"
sgd, identity,25,25, off, class1,0.912300683,0.893181818,"sgd,  identity, 25, 25"
sgd, identity,25,25, off, class2,0.6976082,0.75,"sgd,  identity, 25, 25"
sgd, identity,25,25, off, class3,0.507972665,0.465909091,"sgd,  identity, 25, 25"
sgd, identity,25,25, off, class4,0.384965831,0.354545455,"sgd,  identity, 25, 25"
sgd, identity,25,30, on, class1,0.911161731,0.902272727,"sgd,  identity, 25, 30"
sgd, identity,25,30, on, class2,0.725512528,0.679545455,"sgd,  identity, 25, 30"
sgd, identity,25,30, on, class3,0.510250569,0.477272727,"sgd,  identity, 25, 30"
sgd, identity,25,30, on, class4,0.391799544,0.302272727,"sgd,  identity, 25, 30"
sgd, identity,25,30, off, class1,0.914009112,0.888636364,"sgd,  identity, 25, 30"
sgd, identity,25,30, off, class2,0.716400911,0.690909091,"sgd,  identity, 25, 30"
sgd, identity,25,30, off, class3,0.522779043,0.429545455,"sgd,  identity, 25, 30"
sgd, identity,25,30, off, class4,0.381548975,0.370454545,"sgd,  identity, 25, 30"
sgd, identity,25,40, on, class1,0.908883827,0.911363636,"sgd,  identity, 25, 40"
sgd, identity,25,40, on, class2,0.728359909,0.697727273,"sgd,  identity, 25, 40"
sgd, identity,25,40, on, class3,0.498291572,0.495454545,"sgd,  identity, 25, 40"
sgd, identity,25,40, on, class4,0.382118451,0.365909091,"sgd,  identity, 25, 40"
sgd, identity,25,40, off, class1,0.908314351,0.906818182,"sgd,  identity, 25, 40"
sgd, identity,25,40, off, class2,0.714123007,0.684090909,"sgd,  identity, 25, 40"
sgd, identity,25,40, off, class3,0.499430524,0.479545455,"sgd,  identity, 25, 40"
sgd, identity,25,40, off, class4,0.373006834,0.388636364,"sgd,  identity, 25, 40"
sgd, identity,30,1, on, class1,0.913439636,0.884090909,"sgd,  identity, 30, 1"
sgd, identity,30,1, on, class2,0.715831435,0.695454545,"sgd,  identity, 30, 1"
sgd, identity,30,1, on, class3,0.485193622,0.427272727,"sgd,  identity, 30, 1"
sgd, identity,30,1, on, class4,0.212414579,0.181818182,"sgd,  identity, 30, 1"
sgd, identity,30,1, off, class1,0.907744875,0.913636364,"sgd,  identity, 30, 1"
sgd, identity,30,1, off, class2,0.715831435,0.704545455,"sgd,  identity, 30, 1"
sgd, identity,30,1, off, class3,0.473234624,0.488636364,"sgd,  identity, 30, 1"
sgd, identity,30,1, off, class4,0.231776765,0.195454545,"sgd,  identity, 30, 1"
sgd, identity,30,15, on, class1,0.911161731,0.897727273,"sgd,  identity, 30, 15"
sgd, identity,30,15, on, class2,0.703872437,0.704545455,"sgd,  identity, 30, 15"
sgd, identity,30,15, on, class3,0.494874715,0.522727273,"sgd,  identity, 30, 15"
sgd, identity,30,15, on, class4,0.37357631,0.363636364,"sgd,  identity, 30, 15"
sgd, identity,30,15, off, class1,0.906605923,0.918181818,"sgd,  identity, 30, 15"
sgd, identity,30,15, off, class2,0.714123007,0.693181818,"sgd,  identity, 30, 15"
sgd, identity,30,15, off, class3,0.495444191,0.511363636,"sgd,  identity, 30, 15"
sgd, identity,30,15, off, class4,0.380979499,0.359090909,"sgd,  identity, 30, 15"
sgd, identity,30,25, on, class1,0.911161731,0.9,"sgd,  identity, 30, 25"
sgd, identity,30,25, on, class2,0.728359909,0.670454545,"sgd,  identity, 30, 25"
sgd, identity,30,25, on, class3,0.506833713,0.479545455,"sgd,  identity, 30, 25"
sgd, identity,30,25, on, class4,0.387813212,0.336363636,"sgd,  identity, 30, 25"
sgd, identity,30,25, off, class1,0.909453303,0.906818182,"sgd,  identity, 30, 25"
sgd, identity,30,25, off, class2,0.703302961,0.754545455,"sgd,  identity, 30, 25"
sgd, identity,30,25, off, class3,0.510820046,0.452272727,"sgd,  identity, 30, 25"
sgd, identity,30,25, off, class4,0.380979499,0.381818182,"sgd,  identity, 30, 25"
sgd, identity,30,30, on, class1,0.911161731,0.9,"sgd,  identity, 30, 30"
sgd, identity,30,30, on, class2,0.708428246,0.725,"sgd,  identity, 30, 30"
sgd, identity,30,30, on, class3,0.505694761,0.506818182,"sgd,  identity, 30, 30"
sgd, identity,30,30, on, class4,0.393507973,0.331818182,"sgd,  identity, 30, 30"
sgd, identity,30,30, off, class1,0.909453303,0.906818182,"sgd,  identity, 30, 30"
sgd, identity,30,30, off, class2,0.714123007,0.695454545,"sgd,  identity, 30, 30"
sgd, identity,30,30, off, class3,0.499430524,0.490909091,"sgd,  identity, 30, 30"
sgd, identity,30,30, off, class4,0.387813212,0.345454545,"sgd,  identity, 30, 30"
sgd, identity,30,40, on, class1,0.907744875,0.915909091,"sgd,  identity, 30, 40"
sgd, identity,30,40, on, class2,0.714692483,0.706818182,"sgd,  identity, 30, 40"
sgd, identity,30,40, on, class3,0.506833713,0.456818182,"sgd,  identity, 30, 40"
sgd, identity,30,40, on, class4,0.388382688,0.325,"sgd,  identity, 30, 40"
sgd, identity,30,40, off, class1,0.904328018,0.929545455,"sgd,  identity, 30, 40"
sgd, identity,30,40, off, class2,0.712414579,0.725,"sgd,  identity, 30, 40"
sgd, identity,30,40, off, class3,0.507972665,0.486363636,"sgd,  identity, 30, 40"
sgd, identity,30,40, off, class4,0.382687927,0.35,"sgd,  identity, 30, 40"
sgd, identity,40,1, on, class1,0.912300683,0.895454545,"sgd,  identity, 40, 1"
sgd, identity,40,1, on, class2,0.702733485,0.709090909,"sgd,  identity, 40, 1"
sgd, identity,40,1, on, class3,0.461845103,0.447727273,"sgd,  identity, 40, 1"
sgd, identity,40,1, on, class4,0.206150342,0.195454545,"sgd,  identity, 40, 1"
sgd, identity,40,1, off, class1,0.907744875,0.913636364,"sgd,  identity, 40, 1"
sgd, identity,40,1, off, class2,0.683940774,0.727272727,"sgd,  identity, 40, 1"
sgd, identity,40,1, off, class3,0.476651481,0.461363636,"sgd,  identity, 40, 1"
sgd, identity,40,1, off, class4,0.184510251,0.163636364,"sgd,  identity, 40, 1"
sgd, identity,40,15, on, class1,0.907744875,0.915909091,"sgd,  identity, 40, 15"
sgd, identity,40,15, on, class2,0.713553531,0.727272727,"sgd,  identity, 40, 15"
sgd, identity,40,15, on, class3,0.503986333,0.513636364,"sgd,  identity, 40, 15"
sgd, identity,40,15, on, class4,0.392369021,0.304545455,"sgd,  identity, 40, 15"
sgd, identity,40,15, off, class1,0.906036446,0.922727273,"sgd,  identity, 40, 15"
sgd, identity,40,15, off, class2,0.723234624,0.695454545,"sgd,  identity, 40, 15"
sgd, identity,40,15, off, class3,0.507972665,0.502272727,"sgd,  identity, 40, 15"
sgd, identity,40,15, off, class4,0.378132118,0.354545455,"sgd,  identity, 40, 15"
sgd, identity,40,25, on, class1,0.906605923,0.915909091,"sgd,  identity, 40, 25"
sgd, identity,40,25, on, class2,0.710136674,0.722727273,"sgd,  identity, 40, 25"
sgd, identity,40,25, on, class3,0.501138952,0.488636364,"sgd,  identity, 40, 25"
sgd, identity,40,25, on, class4,0.379271071,0.345454545,"sgd,  identity, 40, 25"
sgd, identity,40,25, off, class1,0.90546697,0.925,"sgd,  identity, 40, 25"
sgd, identity,40,25, off, class2,0.722665148,0.706818182,"sgd,  identity, 40, 25"
sgd, identity,40,25, off, class3,0.507972665,0.468181818,"sgd,  identity, 40, 25"
sgd, identity,40,25, off, class4,0.39977221,0.359090909,"sgd,  identity, 40, 25"
sgd, identity,40,30, on, class1,0.904328018,0.929545455,"sgd,  identity, 40, 30"
sgd, identity,40,30, on, class2,0.714692483,0.709090909,"sgd,  identity, 40, 30"
sgd, identity,40,30, on, class3,0.501708428,0.493181818,"sgd,  identity, 40, 30"
sgd, identity,40,30, on, class4,0.386104784,0.343181818,"sgd,  identity, 40, 30"
sgd, identity,40,30, off, class1,0.907744875,0.913636364,"sgd,  identity, 40, 30"
sgd, identity,40,30, off, class2,0.721526196,0.652272727,"sgd,  identity, 40, 30"
sgd, identity,40,30, off, class3,0.502277904,0.495454545,"sgd,  identity, 40, 30"
sgd, identity,40,30, off, class4,0.371867882,0.345454545,"sgd,  identity, 40, 30"
sgd, identity,40,40, on, class1,0.917425968,0.875,"sgd,  identity, 40, 40"
sgd, identity,40,40, on, class2,0.716400911,0.679545455,"sgd,  identity, 40, 40"
sgd, identity,40,40, on, class3,0.50284738,0.490909091,"sgd,  identity, 40, 40"
sgd, identity,40,40, on, class4,0.402050114,0.368181818,"sgd,  identity, 40, 40"
sgd, identity,40,40, off, class1,0.907175399,0.915909091,"sgd,  identity, 40, 40"
sgd, identity,40,40, off, class2,0.725512528,0.688636364,"sgd,  identity, 40, 40"
sgd, identity,40,40, off, class3,0.503416856,0.5,"sgd,  identity, 40, 40"
sgd, identity,40,40, off, class4,0.40261959,0.315909091,"sgd,  identity, 40, 40"
sgd, logistic,15,1, on, class1,0.908314351,0.911363636,"sgd,  logistic, 15, 1"
sgd, logistic,15,1, on, class2,0.553530752,0.509090909,"sgd,  logistic, 15, 1"
sgd, logistic,15,1, on, class3,0.451025057,0.463636364,"sgd,  logistic, 15, 1"
sgd, logistic,15,1, on, class4,0.088268793,0.104545455,"sgd,  logistic, 15, 1"
sgd, logistic,15,1, off, class1,0.90546697,0.922727273,"sgd,  logistic, 15, 1"
sgd, logistic,15,1, off, class2,0.543849658,0.547727273,"sgd,  logistic, 15, 1"
sgd, logistic,15,1, off, class3,0.446469248,0.481818182,"sgd,  logistic, 15, 1"
sgd, logistic,15,1, off, class4,0.092255125,0.086363636,"sgd,  logistic, 15, 1"
sgd, logistic,15,15, on, class1,0.911731207,0.897727273,"sgd,  logistic, 15, 15"
sgd, logistic,15,15, on, class2,0.548974943,0.527272727,"sgd,  logistic, 15, 15"
sgd, logistic,15,15, on, class3,0.457289294,0.438636364,"sgd,  logistic, 15, 15"
sgd, logistic,15,15, on, class4,0.089977221,0.075,"sgd,  logistic, 15, 15"
sgd, logistic,15,15, off, class1,0.910022779,0.904545455,"sgd,  logistic, 15, 15"
sgd, logistic,15,15, off, class2,0.544419134,0.545454545,"sgd,  logistic, 15, 15"
sgd, logistic,15,15, off, class3,0.443621868,0.493181818,"sgd,  logistic, 15, 15"
sgd, logistic,15,15, off, class4,0.089977221,0.079545455,"sgd,  logistic, 15, 15"
sgd, logistic,15,25, on, class1,0.908314351,0.911363636,"sgd,  logistic, 15, 25"
sgd, logistic,15,25, on, class2,0.555808656,0.5,"sgd,  logistic, 15, 25"
sgd, logistic,15,25, on, class3,0.445899772,0.484090909,"sgd,  logistic, 15, 25"
sgd, logistic,15,25, on, class4,0.086560364,0.065909091,"sgd,  logistic, 15, 25"
sgd, logistic,15,25, off, class1,0.906036446,0.920454545,"sgd,  logistic, 15, 25"
sgd, logistic,15,25, off, class2,0.538724374,0.568181818,"sgd,  logistic, 15, 25"
sgd, logistic,15,25, off, class3,0.449316629,0.470454545,"sgd,  logistic, 15, 25"
sgd, logistic,15,25, off, class4,0.103644647,0.065909091,"sgd,  logistic, 15, 25"
sgd, logistic,15,30, on, class1,0.901480638,0.938636364,"sgd,  logistic, 15, 30"
sgd, logistic,15,30, on, class2,0.54498861,0.543181818,"sgd,  logistic, 15, 30"
sgd, logistic,15,30, on, class3,0.459567198,0.429545455,"sgd,  logistic, 15, 30"
sgd, logistic,15,30, on, class4,0.112756264,0.086363636,"sgd,  logistic, 15, 30"
sgd, logistic,15,30, off, class1,0.904897494,0.925,"sgd,  logistic, 15, 30"
sgd, logistic,15,30, off, class2,0.54214123,0.554545455,"sgd,  logistic, 15, 30"
sgd, logistic,15,30, off, class3,0.456150342,0.443181818,"sgd,  logistic, 15, 30"
sgd, logistic,15,30, off, class4,0.098519362,0.063636364,"sgd,  logistic, 15, 30"
sgd, logistic,15,40, on, class1,0.912300683,0.895454545,"sgd,  logistic, 15, 40"
sgd, logistic,15,40, on, class2,0.545558087,0.540909091,"sgd,  logistic, 15, 40"
sgd, logistic,15,40, on, class3,0.454441913,0.45,"sgd,  logistic, 15, 40"
sgd, logistic,15,40, on, class4,0.066628702,0.059090909,"sgd,  logistic, 15, 40"
sgd, logistic,15,40, off, class1,0.911161731,0.9,"sgd,  logistic, 15, 40"
sgd, logistic,15,40, off, class2,0.535307517,0.581818182,"sgd,  logistic, 15, 40"
sgd, logistic,15,40, off, class3,0.448177677,0.475,"sgd,  logistic, 15, 40"
sgd, logistic,15,40, off, class4,0.103644647,0.086363636,"sgd,  logistic, 15, 40"
sgd, logistic,25,1, on, class1,0.916287016,0.879545455,"sgd,  logistic, 25, 1"
sgd, logistic,25,1, on, class2,0.534738041,0.572727273,"sgd,  logistic, 25, 1"
sgd, logistic,25,1, on, class3,0.449886105,0.468181818,"sgd,  logistic, 25, 1"
sgd, logistic,25,1, on, class4,0.090546697,0.093181818,"sgd,  logistic, 25, 1"
sgd, logistic,25,1, off, class1,0.919134396,0.868181818,"sgd,  logistic, 25, 1"
sgd, logistic,25,1, off, class2,0.546697039,0.536363636,"sgd,  logistic, 25, 1"
sgd, logistic,25,1, off, class3,0.462414579,0.418181818,"sgd,  logistic, 25, 1"
sgd, logistic,25,1, off, class4,0.089977221,0.084090909,"sgd,  logistic, 25, 1"
sgd, logistic,25,15, on, class1,0.909453303,0.906818182,"sgd,  logistic, 25, 15"
sgd, logistic,25,15, on, class2,0.558656036,0.488636364,"sgd,  logistic, 25, 15"
sgd, logistic,25,15, on, class3,0.452733485,0.456818182,"sgd,  logistic, 25, 15"
sgd, logistic,25,15, on, class4,0.096810934,0.086363636,"sgd,  logistic, 25, 15"
sgd, logistic,25,15, off, class1,0.912300683,0.895454545,"sgd,  logistic, 25, 15"
sgd, logistic,25,15, off, class2,0.547266515,0.534090909,"sgd,  logistic, 25, 15"
sgd, logistic,25,15, off, class3,0.458428246,0.434090909,"sgd,  logistic, 25, 15"
sgd, logistic,25,15, off, class4,0.099658314,0.120454545,"sgd,  logistic, 25, 15"
sgd, logistic,25,25, on, class1,0.909453303,0.906818182,"sgd,  logistic, 25, 25"
sgd, logistic,25,25, on, class2,0.540432802,0.561363636,"sgd,  logistic, 25, 25"
sgd, logistic,25,25, on, class3,0.463553531,0.413636364,"sgd,  logistic, 25, 25"
sgd, logistic,25,25, on, class4,0.096241458,0.077272727,"sgd,  logistic, 25, 25"
sgd, logistic,25,25, off, class1,0.914009112,0.888636364,"sgd,  logistic, 25, 25"
sgd, logistic,25,25, off, class2,0.546697039,0.536363636,"sgd,  logistic, 25, 25"
sgd, logistic,25,25, off, class3,0.445330296,0.486363636,"sgd,  logistic, 25, 25"
sgd, logistic,25,25, off, class4,0.103075171,0.081818182,"sgd,  logistic, 25, 25"
sgd, logistic,25,30, on, class1,0.904897494,0.925,"sgd,  logistic, 25, 30"
sgd, logistic,25,30, on, class2,0.53929385,0.565909091,"sgd,  logistic, 25, 30"
sgd, logistic,25,30, on, class3,0.451594533,0.461363636,"sgd,  logistic, 25, 30"
sgd, logistic,25,30, on, class4,0.101366743,0.075,"sgd,  logistic, 25, 30"
sgd, logistic,25,30, off, class1,0.912300683,0.895454545,"sgd,  logistic, 25, 30"
sgd, logistic,25,30, off, class2,0.547835991,0.531818182,"sgd,  logistic, 25, 30"
sgd, logistic,25,30, off, class3,0.463553531,0.413636364,"sgd,  logistic, 25, 30"
sgd, logistic,25,30, off, class4,0.093394077,0.063636364,"sgd,  logistic, 25, 30"
sgd, logistic,25,40, on, class1,0.907744875,0.913636364,"sgd,  logistic, 25, 40"
sgd, logistic,25,40, on, class2,0.540432802,0.561363636,"sgd,  logistic, 25, 40"
sgd, logistic,25,40, on, class3,0.4476082,0.477272727,"sgd,  logistic, 25, 40"
sgd, logistic,25,40, on, class4,0.093394077,0.086363636,"sgd,  logistic, 25, 40"
sgd, logistic,25,40, off, class1,0.911731207,0.897727273,"sgd,  logistic, 25, 40"
sgd, logistic,25,40, off, class2,0.550683371,0.520454545,"sgd,  logistic, 25, 40"
sgd, logistic,25,40, off, class3,0.461845103,0.420454545,"sgd,  logistic, 25, 40"
sgd, logistic,25,40, off, class4,0.086560364,0.075,"sgd,  logistic, 25, 40"
sgd, logistic,30,1, on, class1,0.911731207,0.897727273,"sgd,  logistic, 30, 1"
sgd, logistic,30,1, on, class2,0.546127563,0.538636364,"sgd,  logistic, 30, 1"
sgd, logistic,30,1, on, class3,0.446469248,0.481818182,"sgd,  logistic, 30, 1"
sgd, logistic,30,1, on, class4,0.097949886,0.086363636,"sgd,  logistic, 30, 1"
sgd, logistic,30,1, off, class1,0.903758542,0.929545455,"sgd,  logistic, 30, 1"
sgd, logistic,30,1, off, class2,0.54498861,0.543181818,"sgd,  logistic, 30, 1"
sgd, logistic,30,1, off, class3,0.450455581,0.465909091,"sgd,  logistic, 30, 1"
sgd, logistic,30,1, off, class4,0.092255125,0.086363636,"sgd,  logistic, 30, 1"
sgd, logistic,30,15, on, class1,0.911731207,0.897727273,"sgd,  logistic, 30, 15"
sgd, logistic,30,15, on, class2,0.543280182,0.55,"sgd,  logistic, 30, 15"
sgd, logistic,30,15, on, class3,0.452733485,0.456818182,"sgd,  logistic, 30, 15"
sgd, logistic,30,15, on, class4,0.093394077,0.070454545,"sgd,  logistic, 30, 15"
sgd, logistic,30,15, off, class1,0.908883827,0.909090909,"sgd,  logistic, 30, 15"
sgd, logistic,30,15, off, class2,0.535876993,0.579545455,"sgd,  logistic, 30, 15"
sgd, logistic,30,15, off, class3,0.455580866,0.445454545,"sgd,  logistic, 30, 15"
sgd, logistic,30,15, off, class4,0.064350797,0.054545455,"sgd,  logistic, 30, 15"
sgd, logistic,30,25, on, class1,0.909453303,0.906818182,"sgd,  logistic, 30, 25"
sgd, logistic,30,25, on, class2,0.548974943,0.527272727,"sgd,  logistic, 30, 25"
sgd, logistic,30,25, on, class3,0.443621868,0.493181818,"sgd,  logistic, 30, 25"
sgd, logistic,30,25, on, class4,0.093963554,0.079545455,"sgd,  logistic, 30, 25"
sgd, logistic,30,25, off, class1,0.908883827,0.909090909,"sgd,  logistic, 30, 25"
sgd, logistic,30,25, off, class2,0.548405467,0.529545455,"sgd,  logistic, 30, 25"
sgd, logistic,30,25, off, class3,0.445899772,0.484090909,"sgd,  logistic, 30, 25"
sgd, logistic,30,25, off, class4,0.11047836,0.077272727,"sgd,  logistic, 30, 25"
sgd, logistic,30,30, on, class1,0.906036446,0.920454545,"sgd,  logistic, 30, 30"
sgd, logistic,30,30, on, class2,0.551822323,0.515909091,"sgd,  logistic, 30, 30"
sgd, logistic,30,30, on, class3,0.456150342,0.443181818,"sgd,  logistic, 30, 30"
sgd, logistic,30,30, on, class4,0.076879271,0.063636364,"sgd,  logistic, 30, 30"
sgd, logistic,30,30, off, class1,0.907175399,0.915909091,"sgd,  logistic, 30, 30"
sgd, logistic,30,30, off, class2,0.532460137,0.593181818,"sgd,  logistic, 30, 30"
sgd, logistic,30,30, off, class3,0.456719818,0.440909091,"sgd,  logistic, 30, 30"
sgd, logistic,30,30, off, class4,0.11332574,0.093181818,"sgd,  logistic, 30, 30"
sgd, logistic,30,40, on, class1,0.906036446,0.920454545,"sgd,  logistic, 30, 40"
sgd, logistic,30,40, on, class2,0.548405467,0.529545455,"sgd,  logistic, 30, 40"
sgd, logistic,30,40, on, class3,0.459567198,0.429545455,"sgd,  logistic, 30, 40"
sgd, logistic,30,40, on, class4,0.108200456,0.070454545,"sgd,  logistic, 30, 40"
sgd, logistic,30,40, off, class1,0.908314351,0.911363636,"sgd,  logistic, 30, 40"
sgd, logistic,30,40, off, class2,0.544419134,0.545454545,"sgd,  logistic, 30, 40"
sgd, logistic,30,40, off, class3,0.448747153,0.472727273,"sgd,  logistic, 30, 40"
sgd, logistic,30,40, off, class4,0.112756264,0.086363636,"sgd,  logistic, 30, 40"
sgd, logistic,40,1, on, class1,0.912300683,0.895454545,"sgd,  logistic, 40, 1"
sgd, logistic,40,1, on, class2,0.543280182,0.55,"sgd,  logistic, 40, 1"
sgd, logistic,40,1, on, class3,0.449316629,0.470454545,"sgd,  logistic, 40, 1"
sgd, logistic,40,1, on, class4,0.096241458,0.070454545,"sgd,  logistic, 40, 1"
sgd, logistic,40,1, off, class1,0.910592255,0.902272727,"sgd,  logistic, 40, 1"
sgd, logistic,40,1, off, class2,0.545558087,0.540909091,"sgd,  logistic, 40, 1"
sgd, logistic,40,1, off, class3,0.445899772,0.484090909,"sgd,  logistic, 40, 1"
sgd, logistic,40,1, off, class4,0.093963554,0.079545455,"sgd,  logistic, 40, 1"
sgd, logistic,40,15, on, class1,0.903758542,0.929545455,"sgd,  logistic, 40, 15"
sgd, logistic,40,15, on, class2,0.537585421,0.572727273,"sgd,  logistic, 40, 15"
sgd, logistic,40,15, on, class3,0.4476082,0.477272727,"sgd,  logistic, 40, 15"
sgd, logistic,40,15, on, class4,0.096810934,0.093181818,"sgd,  logistic, 40, 15"
sgd, logistic,40,15, off, class1,0.91571754,0.881818182,"sgd,  logistic, 40, 15"
sgd, logistic,40,15, off, class2,0.546697039,0.536363636,"sgd,  logistic, 40, 15"
sgd, logistic,40,15, off, class3,0.457289294,0.438636364,"sgd,  logistic, 40, 15"
sgd, logistic,40,15, off, class4,0.079157175,0.063636364,"sgd,  logistic, 40, 15"
sgd, logistic,40,25, on, class1,0.907744875,0.913636364,"sgd,  logistic, 40, 25"
sgd, logistic,40,25, on, class2,0.544419134,0.545454545,"sgd,  logistic, 40, 25"
sgd, logistic,40,25, on, class3,0.452164009,0.459090909,"sgd,  logistic, 40, 25"
sgd, logistic,40,25, on, class4,0.100797267,0.068181818,"sgd,  logistic, 40, 25"
sgd, logistic,40,25, off, class1,0.912300683,0.895454545,"sgd,  logistic, 40, 25"
sgd, logistic,40,25, off, class2,0.54214123,0.554545455,"sgd,  logistic, 40, 25"
sgd, logistic,40,25, off, class3,0.449316629,0.470454545,"sgd,  logistic, 40, 25"
sgd, logistic,40,25, off, class4,0.096241458,0.070454545,"sgd,  logistic, 40, 25"
sgd, logistic,40,30, on, class1,0.907744875,0.913636364,"sgd,  logistic, 40, 30"
sgd, logistic,40,30, on, class2,0.538154897,0.570454545,"sgd,  logistic, 40, 30"
sgd, logistic,40,30, on, class3,0.448177677,0.475,"sgd,  logistic, 40, 30"
sgd, logistic,40,30, on, class4,0.108769932,0.090909091,"sgd,  logistic, 40, 30"
sgd, logistic,40,30, off, class1,0.912300683,0.895454545,"sgd,  logistic, 40, 30"
sgd, logistic,40,30, off, class2,0.550113895,0.522727273,"sgd,  logistic, 40, 30"
sgd, logistic,40,30, off, class3,0.449886105,0.468181818,"sgd,  logistic, 40, 30"
sgd, logistic,40,30, off, class4,0.105353075,0.068181818,"sgd,  logistic, 40, 30"
sgd, logistic,40,40, on, class1,0.906036446,0.920454545,"sgd,  logistic, 40, 40"
sgd, logistic,40,40, on, class2,0.53929385,0.565909091,"sgd,  logistic, 40, 40"
sgd, logistic,40,40, on, class3,0.45501139,0.447727273,"sgd,  logistic, 40, 40"
sgd, logistic,40,40, on, class4,0.102505695,0.086363636,"sgd,  logistic, 40, 40"
sgd, logistic,40,40, off, class1,0.911161731,0.9,"sgd,  logistic, 40, 40"
sgd, logistic,40,40, off, class2,0.54214123,0.554545455,"sgd,  logistic, 40, 40"
sgd, logistic,40,40, off, class3,0.452164009,0.459090909,"sgd,  logistic, 40, 40"
sgd, logistic,40,40, off, class4,0.104783599,0.072727273,"sgd,  logistic, 40, 40"
sgd, tanh,15,1, on, class1,0.906036446,0.920454545,"sgd,  tanh, 15, 1"
sgd, tanh,15,1, on, class2,0.772779043,0.731818182,"sgd,  tanh, 15, 1"
sgd, tanh,15,1, on, class3,0.507972665,0.531818182,"sgd,  tanh, 15, 1"
sgd, tanh,15,1, on, class4,0.25,0.229545455,"sgd,  tanh, 15, 1"
sgd, tanh,15,1, off, class1,0.912870159,0.893181818,"sgd,  tanh, 15, 1"
sgd, tanh,15,1, off, class2,0.812072893,0.765909091,"sgd,  tanh, 15, 1"
sgd, tanh,15,1, off, class3,0.524487472,0.509090909,"sgd,  tanh, 15, 1"
sgd, tanh,15,1, off, class4,0.235193622,0.190909091,"sgd,  tanh, 15, 1"
sgd, tanh,15,15, on, class1,0.90546697,0.922727273,"sgd,  tanh, 15, 15"
sgd, tanh,15,15, on, class2,0.770501139,0.752272727,"sgd,  tanh, 15, 15"
sgd, tanh,15,15, on, class3,0.640660592,0.525,"sgd,  tanh, 15, 15"
sgd, tanh,15,15, on, class4,0.550113895,0.415909091,"sgd,  tanh, 15, 15"
sgd, tanh,15,15, off, class1,0.914578588,0.884090909,"sgd,  tanh, 15, 15"
sgd, tanh,15,15, off, class2,0.792710706,0.736363636,"sgd,  tanh, 15, 15"
sgd, tanh,15,15, off, class3,0.656036446,0.568181818,"sgd,  tanh, 15, 15"
sgd, tanh,15,15, off, class4,0.519362187,0.413636364,"sgd,  tanh, 15, 15"
sgd, tanh,15,25, on, class1,0.911731207,0.897727273,"sgd,  tanh, 15, 25"
sgd, tanh,15,25, on, class2,0.785876993,0.738636364,"sgd,  tanh, 15, 25"
sgd, tanh,15,25, on, class3,0.679384966,0.579545455,"sgd,  tanh, 15, 25"
sgd, tanh,15,25, on, class4,0.560364465,0.454545455,"sgd,  tanh, 15, 25"
sgd, tanh,15,25, off, class1,0.912870159,0.893181818,"sgd,  tanh, 15, 25"
sgd, tanh,15,25, off, class2,0.781321185,0.727272727,"sgd,  tanh, 15, 25"
sgd, tanh,15,25, off, class3,0.664578588,0.597727273,"sgd,  tanh, 15, 25"
sgd, tanh,15,25, off, class4,0.589977221,0.443181818,"sgd,  tanh, 15, 25"
sgd, tanh,15,30, on, class1,0.907175399,0.915909091,"sgd,  tanh, 15, 30"
sgd, tanh,15,30, on, class2,0.79498861,0.786363636,"sgd,  tanh, 15, 30"
sgd, tanh,15,30, on, class3,0.674829157,0.575,"sgd,  tanh, 15, 30"
sgd, tanh,15,30, on, class4,0.601936219,0.454545455,"sgd,  tanh, 15, 30"
sgd, tanh,15,30, off, class1,0.908314351,0.911363636,"sgd,  tanh, 15, 30"
sgd, tanh,15,30, off, class2,0.845671982,0.788636364,"sgd,  tanh, 15, 30"
sgd, tanh,15,30, off, class3,0.650911162,0.536363636,"sgd,  tanh, 15, 30"
sgd, tanh,15,30, off, class4,0.566628702,0.445454545,"sgd,  tanh, 15, 30"
sgd, tanh,15,40, on, class1,0.912870159,0.893181818,"sgd,  tanh, 15, 40"
sgd, tanh,15,40, on, class2,0.783029613,0.765909091,"sgd,  tanh, 15, 40"
sgd, tanh,15,40, on, class3,0.641799544,0.604545455,"sgd,  tanh, 15, 40"
sgd, tanh,15,40, on, class4,0.570045558,0.438636364,"sgd,  tanh, 15, 40"
sgd, tanh,15,40, off, class1,0.912870159,0.893181818,"sgd,  tanh, 15, 40"
sgd, tanh,15,40, off, class2,0.791002278,0.725,"sgd,  tanh, 15, 40"
sgd, tanh,15,40, off, class3,0.627562642,0.554545455,"sgd,  tanh, 15, 40"
sgd, tanh,15,40, off, class4,0.603644647,0.5,"sgd,  tanh, 15, 40"
sgd, tanh,25,1, on, class1,0.915148064,0.884090909,"sgd,  tanh, 25, 1"
sgd, tanh,25,1, on, class2,0.803530752,0.761363636,"sgd,  tanh, 25, 1"
sgd, tanh,25,1, on, class3,0.501138952,0.543181818,"sgd,  tanh, 25, 1"
sgd, tanh,25,1, on, class4,0.192482916,0.163636364,"sgd,  tanh, 25, 1"
sgd, tanh,25,1, off, class1,0.907175399,0.915909091,"sgd,  tanh, 25, 1"
sgd, tanh,25,1, off, class2,0.802961276,0.756818182,"sgd,  tanh, 25, 1"
sgd, tanh,25,1, off, class3,0.518792711,0.497727273,"sgd,  tanh, 25, 1"
sgd, tanh,25,1, off, class4,0.259111617,0.2,"sgd,  tanh, 25, 1"
sgd, tanh,25,15, on, class1,0.908314351,0.909090909,"sgd,  tanh, 25, 15"
sgd, tanh,25,15, on, class2,0.773917995,0.745454545,"sgd,  tanh, 25, 15"
sgd, tanh,25,15, on, class3,0.6976082,0.572727273,"sgd,  tanh, 25, 15"
sgd, tanh,25,15, on, class4,0.599088838,0.488636364,"sgd,  tanh, 25, 15"
sgd, tanh,25,15, off, class1,0.914578588,0.886363636,"sgd,  tanh, 25, 15"
sgd, tanh,25,15, off, class2,0.787015945,0.738636364,"sgd,  tanh, 25, 15"
sgd, tanh,25,15, off, class3,0.706150342,0.536363636,"sgd,  tanh, 25, 15"
sgd, tanh,25,15, off, class4,0.612756264,0.427272727,"sgd,  tanh, 25, 15"
sgd, tanh,25,25, on, class1,0.909453303,0.909090909,"sgd,  tanh, 25, 25"
sgd, tanh,25,25, on, class2,0.8023918,0.745454545,"sgd,  tanh, 25, 25"
sgd, tanh,25,25, on, class3,0.70501139,0.575,"sgd,  tanh, 25, 25"
sgd, tanh,25,25, on, class4,0.630410023,0.468181818,"sgd,  tanh, 25, 25"
sgd, tanh,25,25, off, class1,0.904897494,0.925,"sgd,  tanh, 25, 25"
sgd, tanh,25,25, off, class2,0.788154897,0.772727273,"sgd,  tanh, 25, 25"
sgd, tanh,25,25, off, class3,0.715261959,0.593181818,"sgd,  tanh, 25, 25"
sgd, tanh,25,25, off, class4,0.630410023,0.481818182,"sgd,  tanh, 25, 25"